channel,step,variable,label,row,background,mu,mu_err,sigma,sigma_err,fwhm,fwhm_err,resolution_pct,resolution_err_pct,chi2,ndf,prob,n_peak,n_hist,date
19,0,rough,Calibration rough,native,pol0,2580.07,1.52962,9.73408,1.42598,22.922,3.35794,0.8884,0.1302,53.771,47,0.2310,57.76,77,2026-08-17 16:49:27
19,0,rough,Calibration rough,native,pol1,2580.84,13.0024,9.73398,7.76631,22.9218,18.2883,0.8882,0.7086,45.279,46,0.5023,56.93,77,2026-08-17 16:49:27
19,0,rough,Calibration rough,energy,pol0,2613.7,1.54799,9.86115,1.50809,23.2212,3.55128,0.8884,0.1359,54.569,47,0.2089,57.82,77,2026-08-17 16:49:27
19,0,rough,Calibration rough,energy,pol1,2614.36,1.37226,9.86416,6.10839,23.2283,14.3842,0.8885,0.5502,41.227,46,0.6721,57.22,77,2026-08-17 16:49:27
19,1,heater,Heater stabilized,native,pol0,3585.68,1.38429,9.78491,1.07489,23.0417,2.53117,0.6426,0.0706,41.902,39,0.3461,62.82,76,2026-08-17 16:49:27
19,1,heater,Heater stabilized,native,pol1,3586,1.38663,9.71689,1.05152,22.8815,2.47615,0.6381,0.0691,41.183,38,0.3331,62.10,76,2026-08-17 16:49:27
19,1,heater,Heater stabilized,energy,pol0,2614.3,1.00554,7.12695,0.780636,16.7827,1.83826,0.6420,0.0703,44.099,39,0.2648,62.90,76,2026-08-17 16:49:27
19,1,heater,Heater stabilized,energy,pol1,2614.48,1.01361,7.13242,0.767343,16.7956,1.80695,0.6424,0.0691,39.498,38,0.4029,62.22,76,2026-08-17 16:49:27
19,2,corrected,Corrected amplitude,native,pol0,3585.27,1.42893,10.1762,1.10823,23.9631,2.60969,0.6684,0.0728,33.533,39,0.7170,63.27,76,2026-08-17 16:49:27
19,2,corrected,Corrected amplitude,native,pol1,3585.59,1.3985,9.95769,1.04009,23.4486,2.44923,0.6540,0.0683,29.020,38,0.8523,62.53,76,2026-08-17 16:49:27
19,2,corrected,Corrected amplitude,energy,pol0,2614.27,1.02998,7.31452,0.781134,17.2244,1.83943,0.6589,0.0704,41.921,39,0.3453,62.34,77,2026-08-17 16:49:27
19,2,corrected,Corrected amplitude,energy,pol1,2614.49,1.01503,7.19994,0.744934,16.9546,1.75419,0.6485,0.0671,36.330,38,0.5468,61.87,77,2026-08-17 16:49:27
19,3,stabilized,Thallium stabilized,native,pol0,2613.5,0.778671,5.82095,0.601637,13.7073,1.41675,0.5245,0.0542,30.989,34,0.6160,64.69,71,2026-08-17 16:49:27
19,3,stabilized,Thallium stabilized,native,pol1,2614.27,0.300629,7.08275,0.221797,16.6786,0.522293,0.6380,0.0200,35.845,33,0.3364,80.96,70,2026-08-17 16:49:27
19,3,stabilized,Thallium stabilized,energy,pol0,2613.72,0.778735,5.82143,0.601687,13.7084,1.41687,0.5245,0.0542,30.989,34,0.6160,64.69,71,2026-08-17 16:49:27
19,3,stabilized,Thallium stabilized,energy,pol1,2614.61,0.714096,7.2106,1.06044,16.9797,2.49716,0.6494,0.0955,32.658,33,0.4840,82.65,70,2026-08-17 16:49:27
20,0,rough,Calibration rough,native,pol0,2605.87,1.58616,12.1939,1.05716,28.7145,2.48942,1.1019,0.0955,32.007,31,0.4164,59.01,59,2026-08-17 16:49:48
20,0,rough,Calibration rough,native,pol1,2605.87,1.57819,12.1939,0.927375,28.7145,2.1838,1.1019,0.0838,31.987,30,0.3681,59.29,59,2026-08-17 16:49:48
20,0,rough,Calibration rough,energy,pol0,2614.59,1.59161,12.2358,1.01871,28.8132,2.39887,1.1020,0.0918,29.471,31,0.5447,59.00,59,2026-08-17 16:49:48
20,0,rough,Calibration rough,energy,pol1,2614.57,1.55525,12.2358,0.924901,28.8131,2.17798,1.1020,0.0833,29.452,30,0.4939,59.28,59,2026-08-17 16:49:48
20,1,heater,Heater stabilized,native,pol0,3375.94,2.50711,15.2717,1.81309,35.9621,4.2695,1.0652,0.1265,55.971,49,0.2297,50.88,67,2026-08-17 16:49:48
20,1,heater,Heater stabilized,native,pol1,3377.63,1.01238,15.5828,0.729219,36.6948,1.71718,1.0864,0.0508,46.737,48,0.5246,51.53,67,2026-08-17 16:49:48
20,1,heater,Heater stabilized,energy,pol0,2613.18,1.93464,11.8028,1.4061,27.7934,3.3111,1.0636,0.1267,52.258,49,0.3486,50.89,67,2026-08-17 16:49:48
20,1,heater,Heater stabilized,energy,pol1,2614.5,1.93946,11.9651,1.90572,28.1757,4.48763,1.0777,0.1716,44.715,48,0.6082,51.43,67,2026-08-17 16:49:48
20,2,corrected,Corrected amplitude,native,pol0,3376.5,2.54555,14.5069,2.08315,34.1612,4.90544,1.0117,0.1453,67.080,49,0.0440,48.67,69,2026-08-17 16:49:48
20,2,corrected,Corrected amplitude,native,pol1,3378.06,2.57406,13.8366,2.22809,32.5827,5.24676,0.9645,0.1553,55.512,48,0.2127,46.93,69,2026-08-17 16:49:48
20,2,corrected,Corrected amplitude,energy,pol0,2613.47,1.96975,11.2735,1.6034,26.5471,3.77572,1.0158,0.1445,58.237,49,0.1719,48.90,69,2026-08-17 16:49:48
20,2,corrected,Corrected amplitude,energy,pol1,2614.58,2.03942,10.9595,1.7298,25.8075,4.07336,0.9871,0.1558,47.839,48,0.4794,47.84,69,2026-08-17 16:49:48
20,3,stabilized,Thallium stabilized,native,pol0,2613.99,1.28801,6.07641,1.43005,14.3089,3.3675,0.5474,0.1288,43.568,37,0.2121,38.67,61,2026-08-17 16:49:48
20,3,stabilized,Thallium stabilized,native,pol1,2614.47,1.16299,5.89152,1.07364,13.8735,2.52823,0.5306,0.0967,32.914,36,0.6162,37.99,61,2026-08-17 16:49:48
20,3,stabilized,Thallium stabilized,energy,pol0,2614.29,1.17851,5.82292,1.21778,13.7119,2.86766,0.5245,0.1097,40.036,37,0.3369,37.93,61,2026-08-17 16:49:48
20,3,stabilized,Thallium stabilized,energy,pol1,2614.58,1.19095,6.0066,1.07958,14.1445,2.54221,0.5410,0.0972,34.679,36,0.5314,38.02,61,2026-08-17 16:49:48
21,0,rough,Calibration rough,native,pol0,2617.84,0.921148,4.86963,0.66694,11.4671,1.57052,0.4380,0.0600,28.974,28,0.4139,32.97,41,2026-08-17 16:50:09
21,0,rough,Calibration rough,native,pol1,2617.87,0.911694,4.80046,0.662045,11.3042,1.559,0.4318,0.0596,27.023,27,0.4625,32.91,41,2026-08-17 16:50:09
21,0,rough,Calibration rough,energy,pol0,2614.35,0.921528,4.91469,0.660394,11.5732,1.55511,0.4427,0.0595,26.632,28,0.5384,33.04,41,2026-08-17 16:50:09
21,0,rough,Calibration rough,energy,pol1,2614.32,0.915709,4.88379,0.656072,11.5005,1.54493,0.4399,0.0591,29.980,27,0.3151,33.04,41,2026-08-17 16:50:09
21,1,heater,Heater stabilized,native,pol0,5745.71,2.68657,13.2771,2.23367,31.2652,5.25988,0.5441,0.0915,33.629,44,0.8716,31.50,41,2026-08-17 16:50:09
21,1,heater,Heater stabilized,native,pol1,5746.1,2.83474,14.329,2.36523,33.7422,5.5697,0.5872,0.0969,38.375,43,0.6719,32.05,41,2026-08-17 16:50:09
21,1,heater,Heater stabilized,energy,pol0,2614.38,1.23867,6.13871,1.03836,14.4555,2.44514,0.5529,0.0935,34.931,44,0.8340,31.54,41,2026-08-17 16:50:09
21,1,heater,Heater stabilized,energy,pol1,2614.5,1.31245,6.63923,1.11044,15.6342,2.61488,0.5980,0.1000,35.080,43,0.7995,32.10,41,2026-08-17 16:50:09
21,2,corrected,Corrected amplitude,native,pol0,5746,2.86044,14.3481,2.57393,33.7871,6.06114,0.5880,0.1055,35.544,44,0.8144,32.07,41,2026-08-17 16:50:09
21,2,corrected,Corrected amplitude,native,pol1,5746.56,2.85421,14.5641,2.42658,34.2958,5.71416,0.5968,0.0994,33.005,43,0.8646,32.35,41,2026-08-17 16:50:09
21,2,corrected,Corrected amplitude,energy,pol0,2614.31,1.30448,6.52145,1.19373,15.3568,2.81101,0.5874,0.1075,33.427,44,0.8770,32.03,41,2026-08-17 16:50:09
21,2,corrected,Corrected amplitude,energy,pol1,2614.56,1.303,6.61904,1.12064,15.5867,2.6389,0.5961,0.1009,30.907,43,0.9158,32.31,41,2026-08-17 16:50:09
21,3,stabilized,Thallium stabilized,native,pol0,2614.3,0.763563,3.88292,0.569878,9.14357,1.34196,0.3498,0.0513,18.377,28,0.9163,31.25,39,2026-08-17 16:50:09
21,3,stabilized,Thallium stabilized,native,pol1,2614.36,0.763621,3.88795,0.568452,9.15542,1.3386,0.3502,0.0512,18.071,27,0.9013,31.26,39,2026-08-17 16:50:09
21,3,stabilized,Thallium stabilized,energy,pol0,2614.42,0.763598,3.8831,0.569904,9.14399,1.34202,0.3498,0.0513,18.377,28,0.9163,31.25,39,2026-08-17 16:50:09
21,3,stabilized,Thallium stabilized,energy,pol1,2614.46,0.763609,3.88789,0.568401,9.15527,1.33848,0.3502,0.0512,18.071,27,0.9013,31.26,39,2026-08-17 16:50:09
22,0,rough,Calibration rough,native,pol0,2621,0.694157,4.13134,0.521837,9.72857,1.22883,0.3712,0.0469,27.103,38,0.9059,41.84,51,2026-08-17 16:50:28
22,0,rough,Calibration rough,native,pol1,2621.01,0.668971,4.0032,0.493407,9.42681,1.16189,0.3597,0.0443,26.581,37,0.8977,41.82,51,2026-08-17 16:50:28
22,0,rough,Calibration rough,energy,pol0,2614.51,0.68558,4.08245,0.513705,9.61343,1.20968,0.3677,0.0463,27.050,38,0.9072,41.81,51,2026-08-17 16:50:28
22,0,rough,Calibration rough,energy,pol1,2614.54,0.672927,4.02489,0.496053,9.47789,1.16812,0.3625,0.0447,26.507,37,0.8996,41.82,51,2026-08-17 16:50:28
22,1,heater,Heater stabilized,native,pol0,2986.67,1.00005,5.55313,0.749717,13.0766,1.76545,0.4378,0.0591,35.690,38,0.5767,38.07,48,2026-08-17 16:50:28
22,1,heater,Heater stabilized,native,pol1,2986.72,0.999405,5.56021,0.743199,13.0933,1.7501,0.4384,0.0586,34.888,37,0.5684,38.05,48,2026-08-17 16:50:28
22,1,heater,Heater stabilized,energy,pol0,2614.43,0.877734,4.87736,0.659099,11.4853,1.55206,0.4393,0.0594,35.158,38,0.6016,38.09,48,2026-08-17 16:50:28
22,1,heater,Heater stabilized,energy,pol1,2614.47,0.873937,4.87617,0.657667,11.4825,1.54869,0.4392,0.0592,35.179,37,0.5546,38.09,48,2026-08-17 16:50:28
22,2,corrected,Corrected amplitude,native,pol0,2986.35,1.02628,5.75764,0.761639,13.5582,1.79352,0.4540,0.0601,38.778,38,0.4344,38.52,48,2026-08-17 16:50:28
22,2,corrected,Corrected amplitude,native,pol1,2986.35,1.0024,5.75686,0.752472,13.5564,1.77194,0.4539,0.0593,38.794,37,0.3887,38.54,48,2026-08-17 16:50:28
22,2,corrected,Corrected amplitude,energy,pol0,2614.51,0.898494,5.04073,0.666804,11.87,1.5702,0.4540,0.0601,38.778,38,0.4344,38.52,48,2026-08-17 16:50:28
22,2,corrected,Corrected amplitude,energy,pol1,2614.5,0.887905,5.04042,0.67588,11.8693,1.59157,0.4540,0.0609,38.794,37,0.3887,38.52,48,2026-08-17 16:50:28
22,3,stabilized,Thallium stabilized,native,pol0,2615.19,0.593647,3.41321,0.459618,8.03751,1.08232,0.3073,0.0414,36.339,38,0.5464,39.29,48,2026-08-17 16:50:28
22,3,stabilized,Thallium stabilized,native,pol1,2615.22,0.590782,3.41718,0.45022,8.04685,1.06019,0.3077,0.0405,36.022,37,0.5147,39.35,48,2026-08-17 16:50:28
22,3,stabilized,Thallium stabilized,energy,pol0,2614.59,0.593511,3.41243,0.459512,8.03566,1.08207,0.3073,0.0414,36.339,38,0.5464,39.29,48,2026-08-17 16:50:28
22,3,stabilized,Thallium stabilized,energy,pol1,2614.64,0.590651,3.41643,0.450119,8.04507,1.05995,0.3077,0.0405,36.022,37,0.5147,39.35,48,2026-08-17 16:50:28
23,0,rough,Calibration rough,native,pol0,2564.71,1.91773,1.82613,3.92695,4.3002,9.24726,0.1677,0.3606,38.256,20,0.0082,18.26,46,2026-08-17 18:26:36
23,0,rough,Calibration rough,native,pol1,2564.02,3.46311,9.08799,0.646517,21.4006,1.52243,0.8346,0.0594,33.042,19,0.0238,21.71,46,2026-08-17 18:26:36
23,0,rough,Calibration rough,energy,pol0,2612.26,3.33718,9.25786,0.827862,21.8006,1.94947,0.8345,0.0746,35.975,20,0.0155,22.28,46,2026-08-17 18:26:36
23,0,rough,Calibration rough,energy,pol1,2615.94,3.29038,9.26419,1.09415,21.8155,2.57652,0.8339,0.0985,28.857,19,0.0683,22.07,46,2026-08-17 18:26:36
23,1,heater,Heater stabilized,native,pol0,6459.78,3.2344,20.718,2.28317,48.7873,5.37645,0.7552,0.0832,3.035,11,0.9903,41.01,41,2026-08-17 18:26:36
23,1,heater,Heater stabilized,native,pol1,6459.78,2.8956,22.4692,3.83471,52.9109,9.03006,0.8191,0.1398,2.441,10,0.9917,43.84,41,2026-08-17 18:26:36
23,1,heater,Heater stabilized,energy,pol0,2614.51,1.30908,8.38536,0.924082,19.746,2.17605,0.7552,0.0832,3.035,11,0.9903,41.01,41,2026-08-17 18:26:36
23,1,heater,Heater stabilized,energy,pol1,2614.66,0.135846,9.05179,0.0936098,21.3153,0.220434,0.8152,0.0084,2.423,10,0.9919,43.82,41,2026-08-17 18:26:36
23,2,corrected,Corrected amplitude,native,pol0,6460.34,2.99164,19.1855,2.09048,45.1785,4.9227,0.6993,0.0762,8.599,14,0.8558,41.01,41,2026-08-17 18:26:36
23,2,corrected,Corrected amplitude,native,pol1,6461.33,2.56082,17.9373,2.16743,42.2392,5.10391,0.6537,0.0790,8.239,13,0.8277,39.99,41,2026-08-17 18:26:36
23,2,corrected,Corrected amplitude,energy,pol0,2614.06,1.17651,7.54469,0.823915,17.7664,1.94017,0.6796,0.0742,12.457,14,0.5697,41.01,41,2026-08-17 18:26:36
23,2,corrected,Corrected amplitude,energy,pol1,2614.05,1.17617,7.56152,0.821503,17.806,1.93449,0.6812,0.0740,12.461,13,0.4902,41.04,41,2026-08-17 18:26:36
23,3,stabilized,Thallium stabilized,native,pol0,2614.73,0.591747,3.59717,0.419433,8.47069,0.987689,0.3240,0.0378,16.252,26,0.9300,38.32,41,2026-08-17 18:26:36
23,3,stabilized,Thallium stabilized,native,pol1,2614.73,0.591759,3.59713,0.419455,8.4706,0.98774,0.3240,0.0378,16.251,25,0.9071,38.32,41,2026-08-17 18:26:36
23,3,stabilized,Thallium stabilized,energy,pol0,2614.55,0.585247,3.55263,0.415625,8.3658,0.978722,0.3200,0.0374,16.219,26,0.9308,38.31,41,2026-08-17 18:26:36
23,3,stabilized,Thallium stabilized,energy,pol1,2614.55,0.58534,3.55312,0.415793,8.36696,0.979118,0.3200,0.0374,16.218,25,0.9082,38.32,41,2026-08-17 18:26:36
24,0,rough,Calibration rough,native,pol0,2606.29,2.21534,12.2922,5.6681,28.9459,13.3474,1.1106,0.5121,36.487,37,0.4929,44.27,58,2026-08-17 17:44:50
24,0,rough,Calibration rough,native,pol1,2605.89,2.17115,12.1038,1.84404,28.5022,4.34239,1.0938,0.1666,34.079,36,0.5602,43.98,58,2026-08-17 17:44:50
24,0,rough,Calibration rough,energy,pol0,2614.85,2.25485,12.5639,7.79692,29.5856,18.3603,1.1314,0.7022,38.409,37,0.4055,44.49,58,2026-08-17 17:44:50
24,0,rough,Calibration rough,energy,pol1,2614.8,2.02738,12.6836,0.368126,29.8677,0.866871,1.1423,0.0332,40.846,36,0.2659,44.62,58,2026-08-17 17:44:50
24,1,heater,Heater stabilized,native,pol0,3360.25,9.17746,3.25316,11.4524,7.6606,26.9682,0.2280,0.8026,116.193,37,0.0000,0.11,52,2026-08-17 17:44:50
24,1,heater,Heater stabilized,native,pol1,3293.94,2.87387,3.2157,1.77118,7.5724,4.17082,0.2299,0.1266,37.929,36,0.3814,2.06,18,2026-08-17 17:44:50
24,1,heater,Heater stabilized,energy,pol0,2702.42,1.89237,10.5814,1.59231,24.9173,3.7496,0.9220,0.1388,53.317,37,0.0402,42.08,58,2026-08-17 17:44:50
24,1,heater,Heater stabilized,energy,pol1,2701.99,1.98777,11.0917,1.74459,26.119,4.10819,0.9667,0.1520,53.344,36,0.0314,42.33,58,2026-08-17 17:44:50
24,2,corrected,Corrected amplitude,native,pol0,3404.25,2.36267,13.0953,2.02693,30.837,4.77306,0.9058,0.1402,55.684,37,0.0249,41.54,58,2026-08-17 17:44:50
24,2,corrected,Corrected amplitude,native,pol1,3403.97,2.39257,13.1837,2.10835,31.0453,4.96477,0.9120,0.1459,55.252,36,0.0210,41.67,58,2026-08-17 17:44:50
24,2,corrected,Corrected amplitude,energy,pol0,2614.52,1.82783,10.2184,1.5544,24.0625,3.66033,0.9203,0.1400,53.243,37,0.0408,41.95,58,2026-08-17 17:44:50
24,2,corrected,Corrected amplitude,energy,pol1,2614.5,1.81951,10.2203,1.44438,24.0669,3.40126,0.9205,0.1301,53.181,36,0.0324,41.96,58,2026-08-17 17:44:50
24,3,stabilized,Thallium stabilized,native,pol0,2614.45,1.39955,7.11681,1.14954,16.7588,2.70697,0.6410,0.1035,46.392,37,0.1385,36.75,57,2026-08-17 17:44:50
24,3,stabilized,Thallium stabilized,native,pol1,2614.52,1.39901,7.1076,1.16513,16.7371,2.74366,0.6402,0.1049,45.189,36,0.1402,36.69,57,2026-08-17 17:44:50
24,3,stabilized,Thallium stabilized,energy,pol0,2614.71,1.39582,7.05956,1.17678,16.624,2.7711,0.6358,0.1060,36.549,37,0.4900,36.59,57,2026-08-17 17:44:50
24,3,stabilized,Thallium stabilized,energy,pol1,2614.58,1.38908,7.09884,1.15265,16.7165,2.71428,0.6394,0.1038,44.029,36,0.1683,36.74,57,2026-08-17 17:44:50
25,0,rough,Calibration rough,native,pol0,2634.48,1.77422,10.7792,1.51184,25.3831,3.56011,0.9635,0.1351,36.057,34,0.3725,49.93,59,2026-08-16 23:47:49
25,0,rough,Calibration rough,native,pol0,2634.48,1.77422,10.7792,1.51184,25.3831,3.56011,0.9635,0.1351,36.057,34,0.3725,49.93,59,2026-08-16 21:01:15
25,0,rough,Calibration rough,native,pol1,2635.82,1.89733,12.7953,2.03692,30.1306,4.79659,1.1431,0.1820,26.782,33,0.7691,61.17,58,2026-08-16 23:47:49
25,0,rough,Calibration rough,native,pol1,2635.82,1.89733,12.7953,2.03692,30.1306,4.79659,1.1431,0.1820,26.782,33,0.7691,61.17,58,2026-08-16 21:01:15
25,0,rough,Calibration rough,energy,pol0,2613.23,1.74515,10.6562,1.44037,25.0934,3.3918,0.9602,0.1298,33.315,34,0.5010,50.20,59,2026-08-16 23:47:49
25,0,rough,Calibration rough,energy,pol0,2613.23,1.74515,10.6562,1.44037,25.0934,3.3918,0.9602,0.1298,33.315,34,0.5010,50.20,59,2026-08-16 21:01:15
25,0,rough,Calibration rough,energy,pol1,2614.94,1.46236,12.2251,2.2439,28.7879,5.28399,1.1009,0.2021,24.157,33,0.8687,59.54,59,2026-08-16 23:47:49
25,0,rough,Calibration rough,energy,pol1,2614.94,1.46236,12.2251,2.2439,28.7879,5.28399,1.1009,0.2021,24.157,33,0.8687,59.54,59,2026-08-16 21:01:15
25,2,corrected,optimumfilter_all,native,pol0,0.140036,9.69287e-05,0.000566351,7.88773e-05,0.00133365,0.000185742,0.9524,0.1326,29.433,34,0.6911,48.17,66,2026-08-16 21:01:15
25,2,corrected,optimumfilter_all,native,pol1,0.14005,9.54236e-05,0.000556566,7.62863e-05,0.00131061,0.000179641,0.9358,0.1283,27.522,33,0.7364,47.77,66,2026-08-16 21:01:15
25,2,corrected,optimumfilter_all,energy,pol0,2614.35,1.75491,10.2944,1.44561,24.2415,3.40414,0.9272,0.1302,31.634,34,0.5841,48.03,66,2026-08-16 21:01:15
25,2,corrected,optimumfilter_all,energy,pol1,2614.61,1.72451,10.1355,1.39086,23.8672,3.27524,0.9128,0.1253,29.704,33,0.6320,47.70,66,2026-08-16 21:01:15
25,3,stabilized,Thallium stabilized,native,pol0,2614.33,0.637318,3.83506,0.492648,9.03087,1.1601,0.3454,0.0444,39.725,34,0.2301,42.20,60,2026-08-16 23:47:49
25,3,stabilized,Thallium stabilized,native,pol0,2614.33,0.637318,3.83506,0.492648,9.03087,1.1601,0.3454,0.0444,39.725,34,0.2301,42.20,60,2026-08-16 21:01:15
25,3,stabilized,Thallium stabilized,native,pol1,2614.35,0.625134,3.76943,0.485907,8.87633,1.14422,0.3395,0.0438,29.837,33,0.6254,42.32,60,2026-08-16 23:47:49
25,3,stabilized,Thallium stabilized,native,pol1,2614.35,0.625134,3.76943,0.485907,8.87633,1.14422,0.3395,0.0438,29.837,33,0.6254,42.32,60,2026-08-16 21:01:15
25,3,stabilized,Thallium stabilized,energy,pol0,2614.46,0.670562,4.0151,0.530939,9.45483,1.25026,0.3616,0.0478,44.123,34,0.1146,42.23,60,2026-08-16 23:47:49
25,3,stabilized,Thallium stabilized,energy,pol0,2614.46,0.670562,4.0151,0.530939,9.45483,1.25026,0.3616,0.0478,44.123,34,0.1146,42.23,60,2026-08-16 21:01:15
25,3,stabilized,Thallium stabilized,energy,pol1,2614.6,0.651937,3.92892,0.520978,9.25191,1.22681,0.3539,0.0469,33.085,33,0.4631,42.49,60,2026-08-16 23:47:49
25,3,stabilized,Thallium stabilized,energy,pol1,2614.6,0.651937,3.92892,0.520978,9.25191,1.22681,0.3539,0.0469,33.085,33,0.4631,42.49,60,2026-08-16 21:01:15
26,0,rough,Calibration rough,native,pol0,2629.18,1.26037,7.53707,1.08233,17.7485,2.54869,0.6751,0.0969,28.087,31,0.6167,47.00,57,2026-08-16 23:48:06
26,0,rough,Calibration rough,native,pol0,2629.18,1.26037,7.53707,1.08233,17.7485,2.54869,0.6751,0.0969,28.087,31,0.6167,47.00,57,2026-08-16 21:01:31
26,0,rough,Calibration rough,native,pol0,2629.18,1.26037,7.53707,1.08233,17.7485,2.54869,0.6751,0.0969,28.087,31,0.6167,47.00,57,2026-08-16 21:43:22
26,0,rough,Calibration rough,native,pol1,2630.18,0.937584,7.45825,1.01543,17.5628,2.39116,0.6677,0.0909,20.650,30,0.8985,48.48,57,2026-08-16 23:48:06
26,0,rough,Calibration rough,native,pol1,2630.18,0.937584,7.45825,1.01543,17.5628,2.39116,0.6677,0.0909,20.650,30,0.8985,48.48,57,2026-08-16 21:01:31
26,0,rough,Calibration rough,native,pol1,2629.48,1.21366,7.1456,1.1306,16.8266,2.66235,0.6399,0.1013,28.515,30,0.5432,46.15,57,2026-08-16 21:43:22
26,0,rough,Calibration rough,energy,pol0,2613.51,1.26337,7.59749,1.06708,17.8907,2.51277,0.6845,0.0961,29.843,31,0.5254,47.27,57,2026-08-16 23:48:06
26,0,rough,Calibration rough,energy,pol0,2613.51,1.26337,7.59749,1.06708,17.8907,2.51277,0.6845,0.0961,29.843,31,0.5254,47.27,57,2026-08-16 21:01:31
26,0,rough,Calibration rough,energy,pol0,2614.19,1.26911,7.59567,1.08251,17.8864,2.54912,0.6842,0.0975,29.484,31,0.5440,47.09,57,2026-08-16 21:43:22
26,0,rough,Calibration rough,energy,pol1,2614.61,1.30094,7.3957,0.947297,17.4155,2.23071,0.6661,0.0853,27.467,30,0.5987,47.90,57,2026-08-16 23:48:06
26,0,rough,Calibration rough,energy,pol1,2614.61,1.30094,7.3957,0.947297,17.4155,2.23071,0.6661,0.0853,27.467,30,0.5987,47.90,57,2026-08-16 21:01:31
26,0,rough,Calibration rough,energy,pol1,2613.69,11.7411,10.0309,1.5319,23.6211,3.60734,0.9037,0.1381,34.392,30,0.2654,49.12,57,2026-08-16 21:43:22
26,1,heater,Heater stabilized,native,pol0,8554.17,2.65284,16.1983,2.10947,38.144,4.96743,0.4459,0.0581,46.939,48,0.5163,47.62,64,2026-08-16 23:48:06
26,1,heater,Heater stabilized,native,pol0,8554.17,2.65284,16.1983,2.10947,38.144,4.96743,0.4459,0.0581,46.939,48,0.5163,47.62,64,2026-08-16 21:01:31
26,1,heater,Heater stabilized,native,pol0,8554.17,2.65284,16.1983,2.10947,38.144,4.96743,0.4459,0.0581,46.939,48,0.5163,47.62,64,2026-08-16 21:43:22
26,1,heater,Heater stabilized,native,pol1,8554.25,2.64651,16.2499,2.08923,38.2656,4.91977,0.4473,0.0575,46.532,47,0.4918,47.70,64,2026-08-16 23:48:06
26,1,heater,Heater stabilized,native,pol1,8554.25,2.64651,16.2499,2.08923,38.2656,4.91977,0.4473,0.0575,46.532,47,0.4918,47.70,64,2026-08-16 21:01:31
26,1,heater,Heater stabilized,native,pol1,8554.25,2.64651,16.2499,2.08923,38.2656,4.91977,0.4473,0.0575,46.532,47,0.4918,47.70,64,2026-08-16 21:43:22
26,1,heater,Heater stabilized,energy,pol0,2614.55,0.81083,4.95094,0.644753,11.6586,1.51828,0.4459,0.0581,46.939,48,0.5163,47.62,64,2026-08-16 23:48:06
26,1,heater,Heater stabilized,energy,pol0,2614.55,0.81083,4.95094,0.644753,11.6586,1.51828,0.4459,0.0581,46.939,48,0.5163,47.62,64,2026-08-16 21:01:31
26,1,heater,Heater stabilized,energy,pol0,2614.55,0.81083,4.95093,0.644753,11.6586,1.51828,0.4459,0.0581,46.939,48,0.5163,47.62,64,2026-08-16 21:43:22
26,1,heater,Heater stabilized,energy,pol1,2614.6,0.808967,4.96682,0.638516,11.696,1.50359,0.4473,0.0575,46.532,47,0.4918,47.70,64,2026-08-16 23:48:06
26,1,heater,Heater stabilized,energy,pol1,2614.6,0.808967,4.96682,0.638516,11.696,1.50359,0.4473,0.0575,46.532,47,0.4918,47.70,64,2026-08-16 21:01:31
26,1,heater,Heater stabilized,energy,pol1,2614.6,0.808967,4.96682,0.638516,11.696,1.50359,0.4473,0.0575,46.532,47,0.4918,47.70,64,2026-08-16 21:43:22
26,2,corrected,Corrected amplitude,native,pol0,8552.72,2.58228,13.079,2.34435,30.7987,5.52053,0.3601,0.0645,49.254,48,0.4228,42.08,114,2026-08-16 23:48:06
26,2,corrected,Corrected amplitude,native,pol0,8552.72,2.58228,13.079,2.34435,30.7987,5.52053,0.3601,0.0645,49.254,48,0.4228,42.08,114,2026-08-16 21:01:31
26,2,corrected,Corrected amplitude,native,pol0,8552.72,2.58228,13.079,2.34435,30.7987,5.52053,0.3601,0.0645,49.254,48,0.4228,42.08,114,2026-08-16 21:43:22
26,2,corrected,Corrected amplitude,native,pol1,8552.73,2.58274,13.0798,2.34505,30.8006,5.52216,0.3601,0.0646,49.229,47,0.3840,42.08,114,2026-08-16 23:48:06
26,2,corrected,Corrected amplitude,native,pol1,8552.73,2.58274,13.0798,2.34505,30.8006,5.52216,0.3601,0.0646,49.229,47,0.3840,42.08,114,2026-08-16 21:01:31
26,2,corrected,Corrected amplitude,native,pol1,8552.73,2.58274,13.0798,2.34505,30.8006,5.52216,0.3601,0.0646,49.229,47,0.3840,42.08,114,2026-08-16 21:43:22
26,2,corrected,Corrected amplitude,energy,pol0,2614.49,0.81918,4.08653,0.74077,9.62305,1.74438,0.3681,0.0667,50.087,48,0.3906,41.75,116,2026-08-16 23:48:06
26,2,corrected,Corrected amplitude,energy,pol0,2614.49,0.81918,4.08653,0.74077,9.62305,1.74438,0.3681,0.0667,50.087,48,0.3906,41.75,116,2026-08-16 21:01:31
26,2,corrected,Corrected amplitude,energy,pol0,2614.49,0.81918,4.08653,0.74077,9.62305,1.74438,0.3681,0.0667,50.087,48,0.3906,41.75,116,2026-08-16 21:43:22
26,2,corrected,Corrected amplitude,energy,pol1,2614.49,0.819037,4.08533,0.740614,9.62022,1.74401,0.3680,0.0667,50.057,47,0.3530,41.74,116,2026-08-16 23:48:06
26,2,corrected,Corrected amplitude,energy,pol1,2614.49,0.819037,4.08533,0.740614,9.62022,1.74401,0.3680,0.0667,50.057,47,0.3530,41.74,116,2026-08-16 21:01:31
26,2,corrected,Corrected amplitude,energy,pol1,2614.49,0.819037,4.08533,0.740614,9.62022,1.74401,0.3680,0.0667,50.057,47,0.3530,41.74,116,2026-08-16 21:43:22
26,3,stabilized,Thallium stabilized,native,pol0,2614.48,0.553166,3.13495,0.59444,7.38225,1.3998,0.2824,0.0535,42.410,42,0.4533,48.02,86,2026-08-16 23:48:06
26,3,stabilized,Thallium stabilized,native,pol0,2614.48,0.553166,3.13495,0.59444,7.38225,1.3998,0.2824,0.0535,42.410,42,0.4533,48.02,86,2026-08-16 21:01:31
26,3,stabilized,Thallium stabilized,native,pol0,2614.48,0.553166,3.13495,0.59444,7.38225,1.3998,0.2824,0.0535,42.410,42,0.4533,48.02,86,2026-08-16 21:43:22
26,3,stabilized,Thallium stabilized,native,pol1,2614.58,0.54511,3.12059,0.55306,7.34842,1.30236,0.2811,0.0498,42.729,41,0.3968,47.97,86,2026-08-16 23:48:06
26,3,stabilized,Thallium stabilized,native,pol1,2614.58,0.54511,3.12059,0.55306,7.34842,1.30236,0.2811,0.0498,42.729,41,0.3968,47.97,86,2026-08-16 21:01:31
26,3,stabilized,Thallium stabilized,native,pol1,2614.58,0.54511,3.12059,0.55306,7.34842,1.30236,0.2811,0.0498,42.729,41,0.3968,47.97,86,2026-08-16 21:43:22
26,3,stabilized,Thallium stabilized,energy,pol0,2614.48,0.553109,3.1349,0.594352,7.38213,1.39959,0.2824,0.0535,45.182,42,0.3405,48.02,86,2026-08-16 23:48:06
26,3,stabilized,Thallium stabilized,energy,pol0,2614.48,0.553109,3.1349,0.594352,7.38213,1.39959,0.2824,0.0535,45.182,42,0.3405,48.02,86,2026-08-16 21:01:31
26,3,stabilized,Thallium stabilized,energy,pol0,2614.48,0.553106,3.13489,0.594347,7.38211,1.39958,0.2824,0.0535,45.182,42,0.3405,48.02,86,2026-08-16 21:43:22
26,3,stabilized,Thallium stabilized,energy,pol1,2614.6,0.532674,3.07098,0.510579,7.23161,1.20232,0.2766,0.0460,42.135,41,0.4216,47.71,86,2026-08-16 23:48:06
26,3,stabilized,Thallium stabilized,energy,pol1,2614.6,0.532674,3.07098,0.510579,7.23161,1.20232,0.2766,0.0460,42.135,41,0.4216,47.71,86,2026-08-16 21:01:31
26,3,stabilized,Thallium stabilized,energy,pol1,2614.6,0.532674,3.07098,0.510579,7.2316,1.20232,0.2766,0.0460,42.135,41,0.4216,47.71,86,2026-08-16 21:43:22
27,0,rough,Calibration rough,native,pol0,2669.32,2.20539,3.9062,2.03528,9.19839,4.79273,0.3446,0.1795,26.834,24,0.3122,6.52,18,2026-08-16 23:48:23
27,0,rough,Calibration rough,native,pol0,2669.32,2.20539,3.9062,2.03528,9.19839,4.79273,0.3446,0.1795,26.834,24,0.3122,6.52,18,2026-08-16 21:01:47
27,0,rough,Calibration rough,native,pol0,2669.32,2.20539,3.9062,2.03528,9.19839,4.79273,0.3446,0.1795,26.834,24,0.3122,6.52,18,2026-08-16 23:36:52
27,0,rough,Calibration rough,native,pol1,2678.2,0.918233,10.3186,0.520563,24.2986,1.22583,0.9073,0.0458,17.773,23,0.7697,15.59,18,2026-08-16 23:48:23
27,0,rough,Calibration rough,native,pol1,2678.2,0.918233,10.3186,0.520563,24.2986,1.22583,0.9073,0.0458,17.773,23,0.7697,15.59,18,2026-08-16 21:01:47
27,0,rough,Calibration rough,native,pol1,2678.2,1.09974,10.3186,0.51984,24.2986,1.22413,0.9073,0.0457,17.773,23,0.7697,15.59,18,2026-08-16 23:36:52
27,0,rough,Calibration rough,energy,pol0,2612.63,3.32406,10.0287,0.572733,23.6157,1.34868,0.9039,0.0516,28.225,24,0.2507,14.09,19,2026-08-16 23:48:23
27,0,rough,Calibration rough,energy,pol0,2612.63,3.32406,10.0287,0.572733,23.6157,1.34868,0.9039,0.0516,28.225,24,0.2507,14.09,19,2026-08-16 21:01:47
27,0,rough,Calibration rough,energy,pol0,2612.63,3.32406,10.0287,0.572733,23.6157,1.34868,0.9039,0.0516,28.225,24,0.2507,14.09,19,2026-08-16 23:36:52
27,0,rough,Calibration rough,energy,pol1,2613.13,2.89963,10.0676,0.397266,23.7074,0.935489,0.9072,0.0358,23.621,23,0.4251,15.11,18,2026-08-16 23:48:23
27,0,rough,Calibration rough,energy,pol1,2613.13,2.89963,10.0676,0.397266,23.7074,0.935489,0.9072,0.0358,23.621,23,0.4251,15.11,18,2026-08-16 21:01:47
27,0,rough,Calibration rough,energy,pol1,2613.13,2.89963,10.0676,0.397266,23.7074,0.935489,0.9072,0.0358,23.621,23,0.4251,15.11,18,2026-08-16 23:36:52
27,1,heater,Heater stabilized,native,pol0,7724.49,3.46559,19.9329,2.43694,46.9385,5.73856,0.6077,0.0743,24.710,28,0.6435,33.00,33,2026-08-16 23:48:23
27,1,heater,Heater stabilized,native,pol0,7724.49,3.46559,19.9329,2.43694,46.9385,5.73856,0.6077,0.0743,24.710,28,0.6435,33.00,33,2026-08-16 21:01:47
27,1,heater,Heater stabilized,native,pol0,7724.49,3.46559,19.9329,2.43694,46.9385,5.73856,0.6077,0.0743,24.710,28,0.6435,33.00,33,2026-08-16 23:36:52
27,1,heater,Heater stabilized,native,pol1,7719.98,1.22231,29.5293,0.49896,69.5361,1.17496,0.9007,0.0152,18.504,27,0.8874,74.96,33,2026-08-16 23:48:23
27,1,heater,Heater stabilized,native,pol1,7719.98,1.22231,29.5293,0.49896,69.5361,1.17496,0.9007,0.0152,18.504,27,0.8874,74.96,33,2026-08-16 21:01:47
27,1,heater,Heater stabilized,native,pol1,7719.63,45.1609,29.6114,23.3374,69.7295,54.9554,0.9033,0.7119,18.480,27,0.8882,76.95,33,2026-08-16 23:36:52
27,1,heater,Heater stabilized,energy,pol0,2614.96,1.53051,5.87022,1.32187,13.8233,3.11276,0.5286,0.1190,31.658,28,0.2887,29.14,35,2026-08-16 23:48:23
27,1,heater,Heater stabilized,energy,pol0,2614.96,1.53051,5.87022,1.32187,13.8233,3.11276,0.5286,0.1190,31.658,28,0.2887,29.14,35,2026-08-16 21:01:47
27,1,heater,Heater stabilized,energy,pol0,2615.85,1.18853,6.8361,0.835804,16.0978,1.96817,0.6154,0.0752,21.407,28,0.8080,33.00,33,2026-08-16 23:36:52
27,1,heater,Heater stabilized,energy,pol1,2614.93,1.54113,5.8421,1.33511,13.7571,3.14395,0.5261,0.1202,31.658,27,0.2450,29.07,35,2026-08-16 23:48:23
27,1,heater,Heater stabilized,energy,pol1,2614.93,1.54113,5.8421,1.33511,13.7571,3.14395,0.5261,0.1202,31.658,27,0.2450,29.07,35,2026-08-16 21:01:47
27,1,heater,Heater stabilized,energy,pol1,2617.06,0.027581,9.64397,0.0927499,22.7098,0.218409,0.8678,0.0083,20.852,27,0.7932,51.19,33,2026-08-16 23:36:52
27,2,corrected,Corrected amplitude,native,pol0,7718.13,4.30606,15.7082,4.12419,36.99,9.71173,0.4793,0.1258,32.794,24,0.1085,30.97,50,2026-08-16 23:48:23
27,2,corrected,Corrected amplitude,native,pol0,7718.13,4.30606,15.7082,4.12419,36.99,9.71173,0.4793,0.1258,32.794,24,0.1085,30.97,50,2026-08-16 21:01:47
27,2,corrected,Corrected amplitude,native,pol0,7718.13,4.30606,15.7082,4.12419,36.99,9.71173,0.4793,0.1258,32.794,24,0.1085,30.97,50,2026-08-16 23:36:52
27,2,corrected,Corrected amplitude,native,pol1,7716.45,4.02879,14.2734,3.59999,33.6113,8.47733,0.4356,0.1099,31.013,23,0.1225,29.23,50,2026-08-16 23:48:23
27,2,corrected,Corrected amplitude,native,pol1,7716.45,4.02879,14.2734,3.59999,33.6113,8.47733,0.4356,0.1099,31.013,23,0.1225,29.23,50,2026-08-16 21:01:47
27,2,corrected,Corrected amplitude,native,pol1,7716.45,4.02879,14.2734,3.59999,33.6113,8.47733,0.4356,0.1099,31.013,23,0.1225,29.23,50,2026-08-16 23:36:52
27,2,corrected,Corrected amplitude,energy,pol0,2615.25,1.38941,5.22929,1.31466,12.314,3.09579,0.4709,0.1184,28.986,24,0.2207,31.06,50,2026-08-16 23:48:23
27,2,corrected,Corrected amplitude,energy,pol0,2615.25,1.38941,5.22929,1.31466,12.314,3.09579,0.4709,0.1184,28.986,24,0.2207,31.06,50,2026-08-16 21:01:47
27,2,corrected,Corrected amplitude,energy,pol0,2615.25,1.38941,5.22929,1.31466,12.314,3.09579,0.4709,0.1184,28.986,24,0.2207,31.06,50,2026-08-16 23:36:52
27,2,corrected,Corrected amplitude,energy,pol1,2614.77,1.28263,4.82476,1.12492,11.3614,2.64898,0.4345,0.1013,27.267,23,0.2448,29.56,50,2026-08-16 23:48:23
27,2,corrected,Corrected amplitude,energy,pol1,2614.77,1.28263,4.82476,1.12492,11.3614,2.64898,0.4345,0.1013,27.267,23,0.2448,29.56,50,2026-08-16 21:01:47
27,2,corrected,Corrected amplitude,energy,pol1,2614.77,1.28263,4.82476,1.12492,11.3614,2.64898,0.4345,0.1013,27.267,23,0.2448,29.56,50,2026-08-16 23:36:52
27,3,stabilized,Thallium stabilized,native,pol0,2614.65,0.627922,2.5991,0.634821,6.12042,1.49489,0.2341,0.0572,37.756,33,0.2608,27.15,45,2026-08-16 23:48:23
27,3,stabilized,Thallium stabilized,native,pol0,2614.65,0.627922,2.5991,0.634821,6.12042,1.49489,0.2341,0.0572,37.756,33,0.2608,27.15,45,2026-08-16 21:01:47
27,3,stabilized,Thallium stabilized,native,pol0,2614.65,0.627922,2.5991,0.634821,6.12042,1.49489,0.2341,0.0572,37.756,33,0.2608,27.15,45,2026-08-16 23:36:52
27,3,stabilized,Thallium stabilized,native,pol1,2614.9,0.642455,2.05242,5.67359,4.83309,13.3603,0.1848,0.5109,34.602,32,0.3447,24.59,45,2026-08-16 23:48:23
27,3,stabilized,Thallium stabilized,native,pol1,2614.9,0.642455,2.05242,5.67359,4.83309,13.3603,0.1848,0.5109,34.602,32,0.3447,24.59,45,2026-08-16 21:01:47
27,3,stabilized,Thallium stabilized,native,pol1,2614.9,0.642452,2.05243,5.67326,4.83309,13.3595,0.1848,0.5109,34.602,32,0.3447,24.59,45,2026-08-16 23:36:52
27,3,stabilized,Thallium stabilized,energy,pol0,2614.21,0.65665,2.77089,0.614237,6.52494,1.44642,0.2496,0.0553,29.415,33,0.6463,27.53,45,2026-08-16 23:48:23
27,3,stabilized,Thallium stabilized,energy,pol0,2614.21,0.65665,2.77089,0.614237,6.52494,1.44642,0.2496,0.0553,29.415,33,0.6463,27.53,45,2026-08-16 21:01:47
27,3,stabilized,Thallium stabilized,energy,pol0,2614.21,0.65665,2.77089,0.614237,6.52494,1.44642,0.2496,0.0553,29.415,33,0.6463,27.53,45,2026-08-16 23:36:52
27,3,stabilized,Thallium stabilized,energy,pol1,2614.24,0.62994,2.64685,0.600199,6.23285,1.41336,0.2384,0.0541,35.165,32,0.3206,27.37,45,2026-08-16 23:48:23
27,3,stabilized,Thallium stabilized,energy,pol1,2614.24,0.62994,2.64685,0.600199,6.23285,1.41336,0.2384,0.0541,35.165,32,0.3206,27.37,45,2026-08-16 21:01:47
27,3,stabilized,Thallium stabilized,energy,pol1,2614.24,0.62994,2.64685,0.600199,6.23285,1.41336,0.2384,0.0541,35.165,32,0.3206,27.37,45,2026-08-16 23:36:52
28,0,rough,Calibration rough,native,pol0,2611.63,2.77927,11.4181,2.30118,26.8875,5.41887,1.0295,0.2075,30.864,25,0.1936,24.39,44,2026-08-16 23:48:42
28,0,rough,Calibration rough,native,pol0,2611.63,2.77927,11.4181,2.30118,26.8875,5.41887,1.0295,0.2075,30.864,25,0.1936,24.39,44,2026-08-16 21:02:04
28,0,rough,Calibration rough,native,pol1,2611.83,2.70349,11.0773,2.25933,26.0851,5.32032,0.9987,0.2037,28.971,24,0.2212,24.36,44,2026-08-16 23:48:42
28,0,rough,Calibration rough,native,pol1,2611.83,2.70349,11.0773,2.25933,26.0851,5.32032,0.9987,0.2037,28.971,24,0.2212,24.36,44,2026-08-16 21:02:04
28,0,rough,Calibration rough,energy,pol0,2614.28,2.78209,11.4297,2.30352,26.9148,5.42438,1.0295,0.2075,30.864,25,0.1936,24.39,44,2026-08-16 23:48:42
28,0,rough,Calibration rough,energy,pol0,2614.28,2.78209,11.4297,2.30352,26.9148,5.42438,1.0295,0.2075,30.864,25,0.1936,24.39,44,2026-08-16 21:02:04
28,0,rough,Calibration rough,energy,pol1,2614.51,2.70617,11.0886,2.26132,26.1118,5.32501,0.9987,0.2037,28.971,24,0.2212,24.36,44,2026-08-16 23:48:42
28,0,rough,Calibration rough,energy,pol1,2614.51,2.70617,11.0886,2.26132,26.1118,5.32501,0.9987,0.2037,28.971,24,0.2212,24.36,44,2026-08-16 21:02:04
28,1,heater,Heater stabilized,native,pol0,7871.65,4.03777,14.6825,3.78433,34.5746,8.91142,0.4392,0.1132,45.550,40,0.2522,19.00,46,2026-08-16 23:48:42
28,1,heater,Heater stabilized,native,pol0,7871.65,4.03777,14.6825,3.78433,34.5746,8.91142,0.4392,0.1132,45.550,40,0.2522,19.00,46,2026-08-16 21:02:04
28,1,heater,Heater stabilized,native,pol1,7872.07,4.04465,14.6705,3.85988,34.5464,9.08933,0.4388,0.1155,41.357,39,0.3681,18.99,46,2026-08-16 23:48:42
28,1,heater,Heater stabilized,native,pol1,7872.07,4.04465,14.6705,3.85988,34.5464,9.08933,0.4388,0.1155,41.357,39,0.3681,18.99,46,2026-08-16 21:02:04
28,1,heater,Heater stabilized,energy,pol0,2614.43,1.32402,4.90391,1.18497,11.5478,2.7904,0.4417,0.1067,51.352,40,0.1077,19.20,45,2026-08-16 23:48:42
28,1,heater,Heater stabilized,energy,pol0,2614.43,1.32402,4.90391,1.18497,11.5478,2.7904,0.4417,0.1067,51.352,40,0.1077,19.20,45,2026-08-16 21:02:04
28,1,heater,Heater stabilized,energy,pol1,2614.56,1.32599,4.90036,1.20384,11.5395,2.83482,0.4414,0.1084,47.699,39,0.1600,19.18,45,2026-08-16 23:48:42
28,1,heater,Heater stabilized,energy,pol1,2614.56,1.32599,4.90036,1.20384,11.5395,2.83482,0.4414,0.1084,47.699,39,0.1600,19.18,45,2026-08-16 21:02:04
28,2,corrected,Corrected amplitude,native,pol0,7858.46,10.5748,35.3528,7.87937,83.2495,18.5545,1.0594,0.2361,30.528,25,0.2051,26.76,59,2026-08-16 23:48:42
28,2,corrected,Corrected amplitude,native,pol0,7858.46,10.5748,35.3528,7.87937,83.2495,18.5545,1.0594,0.2361,30.528,25,0.2051,26.76,59,2026-08-16 21:02:04
28,2,corrected,Corrected amplitude,native,pol1,7858.26,8.65268,35.4906,6.45262,83.5739,15.1948,1.0635,0.1934,31.005,24,0.1536,26.82,59,2026-08-16 23:48:42
28,2,corrected,Corrected amplitude,native,pol1,7858.26,8.65268,35.4906,6.45262,83.5739,15.1948,1.0635,0.1934,31.005,24,0.1536,26.82,59,2026-08-16 21:02:04
28,2,corrected,Corrected amplitude,energy,pol0,2614.64,4.03427,13.1151,3.02312,30.8837,7.11891,1.1812,0.2723,37.029,25,0.0574,27.33,58,2026-08-16 23:48:42
28,2,corrected,Corrected amplitude,energy,pol0,2614.64,4.03427,13.1151,3.02312,30.8837,7.11891,1.1812,0.2723,37.029,25,0.0574,27.33,58,2026-08-16 21:02:04
28,2,corrected,Corrected amplitude,energy,pol1,2621.24,1.58348,5.70394,1.25418,13.4318,2.95336,0.5124,0.1127,29.170,24,0.2138,20.09,58,2026-08-16 23:48:42
28,2,corrected,Corrected amplitude,energy,pol1,2621.24,1.58348,5.70394,1.25418,13.4318,2.95336,0.5124,0.1127,29.170,24,0.2138,20.09,58,2026-08-16 21:02:04
28,3,stabilized,Thallium stabilized,native,pol0,2618.73,0.971875,4.00648,0.26374,9.43454,0.62106,0.3603,0.0237,45.494,37,0.1594,21.24,47,2026-08-16 23:48:42
28,3,stabilized,Thallium stabilized,native,pol0,2618.73,0.971875,4.00648,0.26374,9.43454,0.62106,0.3603,0.0237,45.494,37,0.1594,21.24,47,2026-08-16 21:02:04
28,3,stabilized,Thallium stabilized,native,pol1,2618.76,0.971477,4.00651,0.264278,9.43461,0.622326,0.3603,0.0238,44.736,36,0.1507,21.24,47,2026-08-16 23:48:42
28,3,stabilized,Thallium stabilized,native,pol1,2618.76,0.971477,4.00651,0.264278,9.43461,0.622326,0.3603,0.0238,44.736,36,0.1507,21.24,47,2026-08-16 21:02:04
28,3,stabilized,Thallium stabilized,energy,pol0,2614.4,0.968107,4.00012,0.240318,9.41957,0.565905,0.3603,0.0216,44.780,37,0.1777,21.27,47,2026-08-16 23:48:42
28,3,stabilized,Thallium stabilized,energy,pol0,2614.4,0.968107,4.00012,0.240318,9.41957,0.565905,0.3603,0.0216,44.780,37,0.1777,21.27,47,2026-08-16 21:02:04
28,3,stabilized,Thallium stabilized,energy,pol1,2614.43,0.967903,4.00015,0.240829,9.41963,0.56711,0.3603,0.0217,43.936,36,0.1707,21.27,47,2026-08-16 23:48:42
28,3,stabilized,Thallium stabilized,energy,pol1,2614.43,0.967903,4.00015,0.240829,9.41963,0.56711,0.3603,0.0217,43.936,36,0.1707,21.27,47,2026-08-16 21:02:04
29,0,rough,Calibration rough,native,pol0,2626.94,1.44965,4.54435,1.42952,10.7011,3.36626,0.4074,0.1281,32.481,33,0.4928,16.82,39,2026-08-17 00:10:37
29,0,rough,Calibration rough,native,pol0,2626.78,1.37135,4.50267,1.24593,10.603,2.93394,0.4036,0.1117,61.601,66,0.6306,17.62,46,2026-08-16 21:02:20
29,0,rough,Calibration rough,native,pol1,2626.94,1.2057,3.91589,1.20814,9.22122,2.84495,0.3510,0.1083,26.839,32,0.7254,16.38,39,2026-08-17 00:10:37
29,0,rough,Calibration rough,native,pol1,2626.92,1.35256,4.50037,1.24171,10.5976,2.924,0.4034,0.1113,62.292,65,0.5723,17.62,46,2026-08-16 21:02:20
29,0,rough,Calibration rough,energy,pol0,2614.47,1.44277,4.52278,1.42273,10.6503,3.35028,0.4074,0.1281,32.481,33,0.4928,16.82,39,2026-08-17 00:10:37
29,0,rough,Calibration rough,energy,pol0,2614.65,1.44726,4.81957,1.25178,11.3492,2.94773,0.4341,0.1127,64.170,66,0.5409,17.94,46,2026-08-16 21:02:20
29,0,rough,Calibration rough,energy,pol1,2614.45,1.19996,3.89723,1.2024,9.17728,2.83143,0.3510,0.1083,26.839,32,0.7254,16.38,39,2026-08-17 00:10:37
29,0,rough,Calibration rough,energy,pol1,2614.29,1.35914,4.47859,1.16806,10.5463,2.75056,0.4034,0.1052,62.290,65,0.5723,17.62,46,2026-08-16 21:02:20
29,1,heater,Heater stabilized,native,pol0,7741.5,2.64052,9.87779,5.80023,23.2604,13.6585,0.3005,0.1764,37.669,33,0.2641,17.71,38,2026-08-17 00:10:37
29,1,heater,Heater stabilized,native,pol0,7742.83,2.6249,9.87855,31.5909,23.2622,74.3909,0.3004,0.9608,65.927,66,0.4794,17.99,46,2026-08-16 21:02:20
29,1,heater,Heater stabilized,native,pol1,7741.71,2.62868,9.87792,6.11081,23.2607,14.3899,0.3005,0.1859,29.956,32,0.5704,17.72,38,2026-08-17 00:10:37
29,1,heater,Heater stabilized,native,pol1,7742.99,2.61333,9.87789,39.027,23.2607,91.9016,0.3004,1.1869,57.223,65,0.7429,17.99,46,2026-08-16 21:02:20
29,1,heater,Heater stabilized,energy,pol0,2614.46,0.891754,3.33592,1.95885,7.85549,4.61274,0.3005,0.1764,37.669,33,0.2641,17.71,38,2026-08-17 00:10:37
29,1,heater,Heater stabilized,energy,pol0,2614.68,0.886448,3.33603,11.386,7.85576,26.8121,0.3004,1.0254,65.927,66,0.4794,17.98,46,2026-08-16 21:02:20
29,1,heater,Heater stabilized,energy,pol1,2614.52,0.887747,3.33596,2.06678,7.85558,4.86689,0.3005,0.1861,29.956,32,0.5704,17.72,38,2026-08-17 00:10:37
29,1,heater,Heater stabilized,energy,pol1,2614.83,0.858036,3.33558,1.46635,7.85469,3.453,0.3004,0.1321,57.335,65,0.7394,17.83,46,2026-08-16 21:02:20
29,2,corrected,Corrected amplitude,native,pol0,7740.41,3.309,11.5146,2.37998,27.1148,5.60443,0.3503,0.0724,42.161,33,0.1318,18.32,53,2026-08-17 00:10:37
29,2,corrected,Corrected amplitude,native,pol0,7741.66,3.38281,12.5636,2.25733,29.585,5.31561,0.3822,0.0687,70.022,66,0.3442,19.13,65,2026-08-16 21:02:20
29,2,corrected,Corrected amplitude,native,pol1,7740.61,3.31598,11.4834,2.3492,27.0413,5.53195,0.3493,0.0715,36.557,32,0.2653,18.16,53,2026-08-17 00:10:37
29,2,corrected,Corrected amplitude,native,pol1,7741.79,3.39452,12.5327,2.25788,29.5124,5.3169,0.3812,0.0687,64.133,65,0.5071,19.02,65,2026-08-16 21:02:20
29,2,corrected,Corrected amplitude,energy,pol0,2614.57,1.13325,4.01446,0.79325,9.45334,1.86796,0.3616,0.0714,42.918,33,0.1157,18.39,53,2026-08-17 00:10:37
29,2,corrected,Corrected amplitude,energy,pol0,2614.18,1.17273,4.34736,0.779352,10.2372,1.83523,0.3916,0.0702,75.283,66,0.2032,19.04,65,2026-08-16 21:02:20
29,2,corrected,Corrected amplitude,energy,pol1,2614.66,1.12497,4.01598,0.780965,9.4569,1.83903,0.3617,0.0703,36.385,32,0.2718,18.42,53,2026-08-17 00:10:37
29,2,corrected,Corrected amplitude,energy,pol1,2614.22,1.17115,4.34691,0.77773,10.2362,1.83141,0.3916,0.0701,71.318,65,0.2759,19.04,65,2026-08-16 21:02:20
29,3,stabilized,Thallium stabilized,native,pol0,2614.97,1.45218,4.97543,1.04894,11.7162,2.47006,0.4480,0.0945,38.333,33,0.2404,18.70,54,2026-08-17 00:10:37
29,3,stabilized,Thallium stabilized,native,pol0,2614.06,1.2272,4.3938,0.882124,10.3466,2.07724,0.3958,0.0795,71.313,66,0.3056,19.17,65,2026-08-16 21:02:20
29,3,stabilized,Thallium stabilized,native,pol1,2614.39,1.44932,4.95154,1.0542,11.66,2.48245,0.4460,0.0950,34.004,32,0.3713,18.79,54,2026-08-17 00:10:37
29,3,stabilized,Thallium stabilized,native,pol1,2614.33,1.22406,4.55043,0.82947,10.7154,1.95325,0.4099,0.0747,71.221,65,0.2785,19.67,65,2026-08-16 21:02:20
29,3,stabilized,Thallium stabilized,energy,pol0,2614.53,1.47063,4.99523,1.03425,11.7629,2.43547,0.4499,0.0932,35.865,33,0.3356,18.29,54,2026-08-17 00:10:37
29,3,stabilized,Thallium stabilized,energy,pol0,2613.7,1.40594,4.63519,1.05973,10.915,2.49548,0.4176,0.0955,87.990,66,0.0366,18.87,65,2026-08-16 21:02:20
29,3,stabilized,Thallium stabilized,energy,pol1,2614.92,1.48257,5.01541,1.10182,11.8104,2.59459,0.4517,0.0992,26.409,32,0.7452,18.84,54,2026-08-17 00:10:37
29,3,stabilized,Thallium stabilized,energy,pol1,2613.86,1.41549,4.68418,1.07219,11.0304,2.52482,0.4220,0.0966,84.049,65,0.0561,18.97,65,2026-08-16 21:02:20
30,0,rough,Calibration rough,native,pol0,2432.23,2.84066,0.283305,0.654644,0.667131,1.54157,0.0274,0.0634,12.712,44,1.0000,0.00,2,2026-08-16 23:49:16
30,0,rough,Calibration rough,native,pol1,2427.48,0,0.199937,0,0.470816,0,0.0194,0.0000,0.000,43,1.0000,0.00,0,2026-08-16 23:49:16
30,0,rough,Calibration rough,energy,pol0,2624.53,0.205961,0.270153,0.130061,0.636162,0.30627,0.0242,0.0117,11.991,44,1.0000,1.85,3,2026-08-16 23:49:16
30,0,rough,Calibration rough,energy,pol1,2623.6,0.718817,1.08053,0.163891,2.54444,0.385933,0.0970,0.0147,14.235,43,1.0000,3.07,3,2026-08-16 23:49:16
30,1,heater,Heater stabilized,native,pol0,1692.21,0.390179,0.479421,0.214766,1.12895,0.505734,0.0667,0.0299,17.431,44,0.9999,2.34,4,2026-08-16 23:49:16
30,1,heater,Heater stabilized,native,pol1,1692.55,0.0989378,0.13935,0.111259,0.328144,0.261996,0.0194,0.0155,12.638,43,1.0000,2.01,4,2026-08-16 23:49:16
30,1,heater,Heater stabilized,energy,pol0,2614,0.599209,0.739861,0.33215,1.74224,0.782154,0.0667,0.0299,17.431,44,0.9999,2.33,4,2026-08-16 23:49:16
30,1,heater,Heater stabilized,energy,pol1,2614.5,2.8717,0.215272,0.103224,0.506926,0.243074,0.0194,0.0093,12.297,43,1.0000,2.07,4,2026-08-16 23:49:16
30,2,corrected,Corrected amplitude,native,pol0,1692.23,0.324942,0.434582,0.192623,1.02336,0.453592,0.0605,0.0268,16.891,44,0.9999,2.45,4,2026-08-16 23:49:16
30,2,corrected,Corrected amplitude,native,pol1,1692.36,0.0249639,0.587236,0.150652,1.38284,0.354758,0.0817,0.0210,14.691,43,1.0000,7.08,4,2026-08-16 23:49:16
30,2,corrected,Corrected amplitude,energy,pol0,2614.35,0.499325,0.671598,0.297808,1.58149,0.701284,0.0605,0.0268,16.891,44,0.9999,2.45,4,2026-08-16 23:49:16
30,2,corrected,Corrected amplitude,energy,pol1,2614.55,0.259753,0.89623,0.233934,2.11046,0.550871,0.0807,0.0211,14.691,43,1.0000,6.89,4,2026-08-16 23:49:16
30,3,stabilized,Thallium stabilized,native,pol0,2614.37,0.498965,0.67076,0.297173,1.57952,0.699788,0.0604,0.0268,16.891,44,0.9999,2.45,4,2026-08-16 23:49:16
30,3,stabilized,Thallium stabilized,native,pol1,2614.62,0.245038,0.972707,0.23502,2.29055,0.553431,0.0876,0.0212,15.249,43,1.0000,6.66,4,2026-08-16 23:49:16
30,3,stabilized,Thallium stabilized,energy,pol0,2614.29,0.499043,0.671168,0.29746,1.58048,0.700465,0.0605,0.0268,16.891,44,0.9999,2.45,4,2026-08-16 23:49:16
30,3,stabilized,Thallium stabilized,energy,pol1,2614.41,0.0076549,0.801358,0.00576057,1.88705,0.0135651,0.0722,0.0005,14.922,43,1.0000,4.98,4,2026-08-16 23:49:16
49,0,rough,Calibration rough,native,pol0,2586.09,1.03716,8.52503,0.134109,20.0749,0.315802,0.7763,0.0122,81.786,72,0.2015,104.32,137,2026-08-17 16:51:29
49,0,rough,Calibration rough,native,pol1,2586.91,1.03324,8.52763,0.122534,20.081,0.288545,0.7763,0.0112,75.136,71,0.3460,105.45,137,2026-08-17 16:51:29
49,0,rough,Calibration rough,energy,pol0,2613.71,1.05091,8.61582,0.132609,20.2887,0.312269,0.7762,0.0120,83.846,72,0.1605,104.21,137,2026-08-17 16:51:29
49,0,rough,Calibration rough,energy,pol1,2614.54,1.08684,8.61831,0.129035,20.2946,0.303854,0.7762,0.0116,87.320,71,0.0915,105.44,137,2026-08-17 16:51:29
49,1,heater,Heater stabilized,native,pol0,7489.25,1.64846,16.7337,1.24833,39.4048,2.93959,0.5262,0.0393,63.397,53,0.1552,114.17,128,2026-08-17 16:51:29
49,1,heater,Heater stabilized,native,pol1,7489.5,1.63538,16.6912,1.19643,39.3047,2.81738,0.5248,0.0376,55.245,52,0.3531,114.14,128,2026-08-17 16:51:29
49,1,heater,Heater stabilized,energy,pol0,2614.39,0.576233,5.82899,0.439871,13.7262,1.03582,0.5250,0.0396,58.641,53,0.2763,113.88,128,2026-08-17 16:51:29
49,1,heater,Heater stabilized,energy,pol1,2614.48,0.573051,5.84758,0.419551,13.77,0.987967,0.5267,0.0378,55.478,52,0.3450,114.14,128,2026-08-17 16:51:29
49,2,corrected,Corrected amplitude,native,pol0,7490.04,1.71545,17.1945,1.34151,40.4899,3.15901,0.5406,0.0422,52.344,53,0.4996,113.39,128,2026-08-17 16:51:29
49,2,corrected,Corrected amplitude,native,pol1,7490.37,0.504893,17.2413,0.307003,40.6001,0.722937,0.5420,0.0097,47.509,52,0.6509,113.59,128,2026-08-17 16:51:29
49,2,corrected,Corrected amplitude,energy,pol0,2614.42,0.599187,6.00888,0.467875,14.1498,1.10176,0.5412,0.0421,52.458,53,0.4952,113.41,128,2026-08-17 16:51:29
49,2,corrected,Corrected amplitude,energy,pol1,2614.53,0.59698,6.0248,0.451627,14.1873,1.0635,0.5426,0.0407,47.615,52,0.6469,113.61,128,2026-08-17 16:51:29
49,3,stabilized,Thallium stabilized,native,pol0,2614.58,0.364628,3.68766,0.296691,8.68377,0.698654,0.3321,0.0267,26.559,34,0.8148,114.34,123,2026-08-17 16:51:29
49,3,stabilized,Thallium stabilized,native,pol1,2614.61,0.364068,3.67523,0.299396,8.65451,0.705023,0.3310,0.0270,25.478,33,0.8221,114.36,123,2026-08-17 16:51:29
49,3,stabilized,Thallium stabilized,energy,pol0,2614.48,0.364615,3.68753,0.296681,8.68346,0.698629,0.3321,0.0267,26.559,34,0.8148,114.34,123,2026-08-17 16:51:29
49,3,stabilized,Thallium stabilized,energy,pol1,2614.51,0.364055,3.6751,0.299385,8.6542,0.704998,0.3310,0.0270,25.478,33,0.8221,114.36,123,2026-08-17 16:51:29
50,0,rough,Calibration rough,native,pol0,2621.43,0.370317,3.65744,0.322363,8.6126,0.759107,0.3285,0.0290,54.223,44,0.1389,113.69,135,2026-08-17 16:51:50
50,0,rough,Calibration rough,native,pol1,2621.51,0.371793,3.59607,0.320297,8.46809,0.754242,0.3230,0.0288,48.034,43,0.2762,113.01,135,2026-08-17 16:51:50
50,0,rough,Calibration rough,energy,pol0,2614.44,0.369752,3.58767,0.321759,8.44832,0.757686,0.3231,0.0290,46.289,44,0.3780,113.37,135,2026-08-17 16:51:50
50,0,rough,Calibration rough,energy,pol1,2614.5,0.366217,3.55893,0.309313,8.38065,0.728377,0.3205,0.0279,39.995,43,0.6024,113.30,135,2026-08-17 16:51:50
50,1,heater,Heater stabilized,native,pol0,7491.5,1.51237,15.1054,1.12272,35.5704,2.64381,0.4748,0.0353,59.559,67,0.7291,113.10,135,2026-08-17 16:51:50
50,1,heater,Heater stabilized,native,pol1,7491.66,1.51079,15.0974,1.11422,35.5516,2.62378,0.4745,0.0350,53.880,66,0.8573,113.09,135,2026-08-17 16:51:50
50,1,heater,Heater stabilized,energy,pol0,2614.46,0.5278,5.27162,0.391819,12.4137,0.922663,0.4748,0.0353,59.559,67,0.7291,113.10,135,2026-08-17 16:51:50
50,1,heater,Heater stabilized,energy,pol1,2614.56,0.527741,5.27539,0.389003,12.4226,0.916032,0.4751,0.0350,52.952,66,0.8773,113.11,135,2026-08-17 16:51:50
50,2,corrected,Corrected amplitude,native,pol0,7490.25,1.59037,15.9233,1.17987,37.4964,2.77839,0.5006,0.0371,59.470,67,0.7318,113.79,136,2026-08-17 16:51:50
50,2,corrected,Corrected amplitude,native,pol1,7490.24,1.57387,15.9236,1.0699,37.4972,2.51942,0.5006,0.0336,59.729,66,0.6934,113.79,136,2026-08-17 16:51:50
50,2,corrected,Corrected amplitude,energy,pol0,2614.51,0.570866,5.74272,0.415851,13.5231,0.979253,0.5172,0.0375,57.806,67,0.7810,114.04,136,2026-08-17 16:51:50
50,2,corrected,Corrected amplitude,energy,pol1,2614.58,0.571282,5.74878,0.415293,13.5373,0.977939,0.5178,0.0374,52.603,66,0.8843,114.11,136,2026-08-17 16:51:50
50,3,stabilized,Thallium stabilized,native,pol0,2614.33,0.451287,4.33154,0.371503,10.2,0.874822,0.3902,0.0335,37.994,44,0.7257,110.88,129,2026-08-17 16:51:50
50,3,stabilized,Thallium stabilized,native,pol1,2614.33,0.447397,4.35907,0.362159,10.2648,0.85282,0.3926,0.0326,36.026,43,0.7655,111.41,129,2026-08-17 16:51:50
50,3,stabilized,Thallium stabilized,energy,pol0,2614.51,0.452839,4.34612,0.372225,10.2343,0.876524,0.3914,0.0335,40.263,44,0.6325,110.91,129,2026-08-17 16:51:50
50,3,stabilized,Thallium stabilized,energy,pol1,2614.5,0.447791,4.34689,0.370798,10.2361,0.873164,0.3915,0.0334,40.384,43,0.5854,110.92,129,2026-08-17 16:51:50
51,0,rough,Calibration rough,native,pol0,2536.84,1.72715,8.17116,0.285259,19.2416,0.671733,0.7585,0.0265,132.909,98,0.0109,71.36,214,2026-08-17 16:52:12
51,0,rough,Calibration rough,native,pol1,2536.76,1.76147,8.17081,0.273632,19.2408,0.644354,0.7585,0.0254,126.438,97,0.0240,70.99,214,2026-08-17 16:52:12
51,0,rough,Calibration rough,energy,pol0,2614.53,1.81748,8.42115,0.281877,19.8303,0.66377,0.7585,0.0254,131.650,98,0.0132,70.80,214,2026-08-17 16:52:12
51,0,rough,Calibration rough,energy,pol1,2614.37,1.82545,8.42065,0.293201,19.8291,0.690435,0.7585,0.0264,133.422,97,0.0084,70.21,214,2026-08-17 16:52:12
51,1,heater,Heater stabilized,native,pol0,8010.89,1.59763,17.2939,1.32998,40.724,3.13186,0.5084,0.0391,54.015,57,0.5878,147.52,188,2026-08-17 16:52:12
51,1,heater,Heater stabilized,native,pol1,8010.83,1.59798,17.2773,1.33636,40.6848,3.14688,0.5079,0.0393,54.233,56,0.5420,147.48,188,2026-08-17 16:52:12
51,1,heater,Heater stabilized,energy,pol0,2614.53,0.521421,5.64425,0.434068,13.2912,1.02215,0.5084,0.0391,54.015,57,0.5878,147.52,188,2026-08-17 16:52:12
51,1,heater,Heater stabilized,energy,pol1,2614.51,0.521534,5.63875,0.436156,13.2782,1.02707,0.5079,0.0393,54.233,56,0.5420,147.48,188,2026-08-17 16:52:12
51,2,corrected,Corrected amplitude,native,pol0,8011.9,1.66085,19.7168,1.54318,46.4296,3.63392,0.5795,0.0454,62.070,57,0.3003,168.15,187,2026-08-17 16:52:12
51,2,corrected,Corrected amplitude,native,pol1,8012.69,1.69184,20.4757,1.398,48.2167,3.29203,0.6018,0.0411,55.623,56,0.4891,170.64,187,2026-08-17 16:52:12
51,2,corrected,Corrected amplitude,energy,pol0,2614.31,0.543404,6.46734,0.501951,15.2294,1.182,0.5825,0.0452,65.904,57,0.1960,168.42,187,2026-08-17 16:52:12
51,2,corrected,Corrected amplitude,energy,pol1,2614.57,0.577544,6.71827,0.643247,15.8203,1.51473,0.6051,0.0579,59.268,56,0.3573,171.03,187,2026-08-17 16:52:12
51,3,stabilized,Thallium stabilized,native,pol0,2614.41,0.400735,4.75932,0.439549,11.2073,1.03506,0.4287,0.0396,42.024,37,0.2623,169.77,182,2026-08-17 16:52:12
51,3,stabilized,Thallium stabilized,native,pol1,2614.64,0.387795,4.73942,0.287052,11.1605,0.675955,0.4268,0.0259,36.010,36,0.4682,169.17,182,2026-08-17 16:52:12
51,3,stabilized,Thallium stabilized,energy,pol0,2614.27,0.401329,4.7948,0.431015,11.2909,1.01496,0.4319,0.0388,38.512,37,0.4010,170.16,182,2026-08-17 16:52:12
51,3,stabilized,Thallium stabilized,energy,pol1,2614.58,0.394382,4.67192,0.337206,11.0015,0.794059,0.4208,0.0304,37.988,36,0.3789,168.15,182,2026-08-17 16:52:12
52,0,rough,Calibration rough,native,pol0,2566.8,1.50385,16.5804,0.163955,39.0439,0.386085,1.5211,0.0151,129.564,68,0.0000,210.44,323,2026-08-17 16:52:32
52,0,rough,Calibration rough,native,pol1,2568.28,1.48956,16.5905,0.16465,39.0676,0.387721,1.5212,0.0151,74.469,67,0.2483,211.16,320,2026-08-17 16:52:32
52,0,rough,Calibration rough,energy,pol0,2613.02,1.53014,16.8792,0.165674,39.7475,0.390133,1.5211,0.0150,129.242,68,0.0000,210.69,323,2026-08-17 16:52:32
52,0,rough,Calibration rough,energy,pol1,2614.51,1.51286,16.8898,0.168568,39.7724,0.396947,1.5212,0.0152,77.020,67,0.1887,211.37,320,2026-08-17 16:52:32
52,1,heater,Heater stabilized,native,pol0,1449.99,0.785647,8.87285,0.7946,20.894,1.87114,1.4410,0.1290,102.571,50,0.0000,239.47,292,2026-08-17 16:52:32
52,1,heater,Heater stabilized,native,pol1,1450.78,0.660948,8.17928,0.593733,19.2607,1.39813,1.3276,0.0964,64.185,49,0.0715,229.07,293,2026-08-17 16:52:32
52,1,heater,Heater stabilized,energy,pol0,2613.04,1.40284,16.2496,1.37601,38.2649,3.24027,1.4644,0.1240,107.032,50,0.0000,240.31,292,2026-08-17 16:52:32
52,1,heater,Heater stabilized,energy,pol1,2614.82,1.2044,14.962,1.29669,35.2327,3.05347,1.3474,0.1168,66.592,49,0.0479,232.95,292,2026-08-17 16:52:32
52,2,corrected,Corrected amplitude,native,pol0,1449.9,0.789603,9.14395,0.757909,21.5324,1.78474,1.4851,0.1231,81.774,50,0.0030,241.65,293,2026-08-17 16:52:32
52,2,corrected,Corrected amplitude,native,pol1,1450.77,0.662574,8.21256,0.589335,19.3391,1.38778,1.3330,0.0957,54.668,49,0.2681,229.43,293,2026-08-17 16:52:32
52,2,corrected,Corrected amplitude,energy,pol0,2612.95,1.4628,16.5911,1.79852,39.069,4.23519,1.4952,0.1621,94.260,50,0.0002,240.98,293,2026-08-17 16:52:32
52,2,corrected,Corrected amplitude,energy,pol1,2612.76,1.24261,16.8875,0.089525,39.7669,0.210815,1.5220,0.0081,95.750,49,0.0001,242.71,293,2026-08-17 16:52:32
52,3,stabilized,Thallium stabilized,native,pol0,2612.24,1.34454,14.0796,1.5135,33.1548,3.56403,1.2692,0.1364,60.553,32,0.0017,230.82,277,2026-08-17 16:52:32
52,3,stabilized,Thallium stabilized,native,pol1,2614.29,18.2895,12.4578,5.19298,29.336,12.2285,1.1221,0.4678,35.520,31,0.2637,217.08,276,2026-08-17 16:52:32
52,3,stabilized,Thallium stabilized,energy,pol0,2612.38,1.34256,14.1082,1.49881,33.2222,3.52942,1.2717,0.1351,59.661,32,0.0021,231.83,277,2026-08-17 16:52:32
52,3,stabilized,Thallium stabilized,energy,pol1,2614.4,1.10304,12.5153,1.2321,29.4713,2.90137,1.1273,0.1110,36.597,31,0.2249,217.79,276,2026-08-17 16:52:32
54,0,rough,Calibration rough,native,pol0,2635.77,0.540251,6.09845,0.428073,14.3607,1.00803,0.5448,0.0382,67.467,42,0.0076,153.47,177,2026-08-17 16:52:52
54,0,rough,Calibration rough,native,pol1,2635.93,0.543607,6.16019,0.416417,14.5061,0.980586,0.5503,0.0372,60.315,41,0.0263,153.55,177,2026-08-17 16:52:52
54,0,rough,Calibration rough,energy,pol0,2614.36,0.532524,6.00883,0.422582,14.1497,0.995104,0.5412,0.0381,64.869,42,0.0133,153.42,177,2026-08-17 16:52:52
54,0,rough,Calibration rough,energy,pol1,2614.51,0.536439,6.08118,0.411053,14.3201,0.967956,0.5477,0.0370,60.358,41,0.0260,153.58,177,2026-08-17 16:52:52
54,1,heater,Heater stabilized,native,pol0,7823.66,1.41318,15.8261,1.1824,37.2677,2.78433,0.4763,0.0356,69.918,65,0.3159,149.27,177,2026-08-17 16:52:52
54,1,heater,Heater stabilized,native,pol1,7823.87,1.42526,15.9449,1.21846,37.5474,2.86925,0.4799,0.0367,60.457,64,0.6025,150.12,177,2026-08-17 16:52:52
54,1,heater,Heater stabilized,energy,pol0,2614.39,0.466618,5.23559,0.388161,12.3289,0.91405,0.4716,0.0350,66.786,65,0.4154,149.16,177,2026-08-17 16:52:52
54,1,heater,Heater stabilized,energy,pol1,2614.5,0.471027,5.30688,0.385722,12.4967,0.908306,0.4780,0.0347,58.025,64,0.6865,150.31,177,2026-08-17 16:52:52
54,2,corrected,Corrected amplitude,native,pol0,7824.01,1.42323,16.0416,1.16309,37.775,2.73887,0.4828,0.0350,78.787,65,0.1169,149.62,177,2026-08-17 16:52:52
54,2,corrected,Corrected amplitude,native,pol1,7824.37,1.44714,16.2499,1.21515,38.2656,2.86146,0.4891,0.0366,72.522,64,0.2175,150.27,177,2026-08-17 16:52:52
54,2,corrected,Corrected amplitude,energy,pol0,2614.43,0.478348,5.3841,0.39406,12.6786,0.92794,0.4849,0.0355,81.334,65,0.0830,149.87,177,2026-08-17 16:52:52
54,2,corrected,Corrected amplitude,energy,pol1,2614.55,0.486879,5.46392,0.409569,12.8666,0.964461,0.4921,0.0369,74.845,64,0.1667,150.63,177,2026-08-17 16:52:52
54,3,stabilized,Thallium stabilized,native,pol0,2614.6,0.328009,3.62594,0.300552,8.53844,0.707745,0.3266,0.0271,43.573,42,0.4043,146.90,170,2026-08-17 16:52:52
54,3,stabilized,Thallium stabilized,native,pol1,2614.58,0.327272,3.61733,0.298721,8.51815,0.703435,0.3258,0.0269,42.063,41,0.4247,146.88,170,2026-08-17 16:52:52
54,3,stabilized,Thallium stabilized,energy,pol0,2614.55,0.325448,3.59255,0.299421,8.4598,0.705082,0.3236,0.0270,44.906,42,0.3511,146.67,170,2026-08-17 16:52:52
54,3,stabilized,Thallium stabilized,energy,pol1,2614.58,0.328611,3.63171,0.303287,8.55202,0.714187,0.3271,0.0273,42.158,41,0.4206,147.01,170,2026-08-17 16:52:52
55,0,rough,Calibration rough,native,pol0,2629.88,2.09333,11.1504,1.79973,26.2572,4.23805,0.9984,0.1612,50.194,45,0.2751,43.05,69,2026-08-16 23:49:36
55,0,rough,Calibration rough,native,pol0,2629.88,2.09333,11.1504,1.79973,26.2572,4.23805,0.9984,0.1612,50.194,45,0.2751,43.05,69,2026-08-16 21:02:37
55,0,rough,Calibration rough,native,pol1,2630.58,2.1973,11.9223,1.80911,28.0749,4.26013,1.0673,0.1619,40.203,44,0.6351,43.86,69,2026-08-16 23:49:36
55,0,rough,Calibration rough,native,pol1,2630.58,2.1973,11.9223,1.80911,28.0749,4.26013,1.0673,0.1619,40.203,44,0.6351,43.86,69,2026-08-16 21:02:37
55,0,rough,Calibration rough,energy,pol0,2613.92,2.08871,11.0132,1.85286,25.9342,4.36314,0.9922,0.1669,54.178,45,0.1641,42.79,69,2026-08-16 23:49:36
55,0,rough,Calibration rough,energy,pol0,2613.92,2.08871,11.0132,1.85286,25.9342,4.36314,0.9922,0.1669,54.178,45,0.1641,42.79,69,2026-08-16 21:02:37
55,0,rough,Calibration rough,energy,pol1,2614.42,2.18708,11.8524,1.81289,27.9104,4.26903,1.0676,0.1633,41.701,44,0.5706,43.87,69,2026-08-16 23:49:36
55,0,rough,Calibration rough,energy,pol1,2614.42,2.18708,11.8524,1.81289,27.9104,4.26903,1.0676,0.1633,41.701,44,0.5706,43.87,69,2026-08-16 21:02:37
55,1,heater,Heater stabilized,native,pol0,8184.69,3.21522,19.6003,2.43121,46.1551,5.72506,0.5639,0.0699,45.577,45,0.4480,46.85,69,2026-08-16 23:49:36
55,1,heater,Heater stabilized,native,pol0,8184.69,3.21522,19.6003,2.43121,46.1551,5.72506,0.5639,0.0699,45.577,45,0.4480,46.85,69,2026-08-16 21:02:37
55,1,heater,Heater stabilized,native,pol1,8184.9,3.20293,19.6306,2.41134,46.2266,5.67826,0.5648,0.0694,39.566,44,0.6619,47.01,69,2026-08-16 23:49:36
55,1,heater,Heater stabilized,native,pol1,8184.9,3.20293,19.6306,2.41134,46.2266,5.67826,0.5648,0.0694,39.566,44,0.6619,47.01,69,2026-08-16 21:02:37
55,1,heater,Heater stabilized,energy,pol0,2614.48,1.03235,6.35393,0.769022,14.9624,1.81091,0.5723,0.0693,45.784,45,0.4394,46.97,69,2026-08-16 23:49:36
55,1,heater,Heater stabilized,energy,pol0,2614.48,1.03235,6.35393,0.769022,14.9624,1.81091,0.5723,0.0693,45.784,45,0.4394,46.97,69,2026-08-16 21:02:37
55,1,heater,Heater stabilized,energy,pol1,2614.52,1.02524,6.30722,0.764215,14.8524,1.79959,0.5681,0.0688,40.220,44,0.6344,47.05,69,2026-08-16 23:49:36
55,1,heater,Heater stabilized,energy,pol1,2614.52,1.02524,6.30722,0.764215,14.8524,1.79959,0.5681,0.0688,40.220,44,0.6344,47.05,69,2026-08-16 21:02:37
55,2,corrected,Corrected amplitude,native,pol0,8185.22,4.55976,21.2538,4.11771,50.0489,9.69646,0.6115,0.1185,59.868,45,0.0681,41.49,115,2026-08-16 23:49:36
55,2,corrected,Corrected amplitude,native,pol0,8185.22,4.55976,21.2538,4.11771,50.0489,9.69646,0.6115,0.1185,59.868,45,0.0681,41.49,115,2026-08-16 21:02:37
55,2,corrected,Corrected amplitude,native,pol1,8185.63,4.53448,21.1333,4.07478,49.7652,9.59538,0.6080,0.1172,58.520,44,0.0703,41.38,115,2026-08-16 23:49:36
55,2,corrected,Corrected amplitude,native,pol1,8185.63,4.53448,21.1333,4.07478,49.7652,9.59538,0.6080,0.1172,58.520,44,0.0703,41.38,115,2026-08-16 21:02:37
55,2,corrected,Corrected amplitude,energy,pol0,2614.76,1.42391,6.66005,1.24824,15.6832,2.93939,0.5998,0.1124,56.597,45,0.1151,41.32,115,2026-08-16 23:49:36
55,2,corrected,Corrected amplitude,energy,pol0,2614.76,1.42391,6.66005,1.24824,15.6832,2.93939,0.5998,0.1124,56.597,45,0.1151,41.32,115,2026-08-16 21:02:37
55,2,corrected,Corrected amplitude,energy,pol1,2614.88,1.41363,6.62144,1.22822,15.5923,2.89223,0.5963,0.1106,55.134,44,0.1212,41.23,115,2026-08-16 23:49:36
55,2,corrected,Corrected amplitude,energy,pol1,2614.88,1.41363,6.62144,1.22822,15.5923,2.89223,0.5963,0.1106,55.134,44,0.1212,41.23,115,2026-08-16 21:02:37
55,3,stabilized,Thallium stabilized,native,pol0,2616.17,0.933339,4.72566,0.865133,11.1281,2.03723,0.4254,0.0779,53.889,45,0.1708,41.92,114,2026-08-16 23:49:36
55,3,stabilized,Thallium stabilized,native,pol0,2616.17,0.933339,4.72566,0.865133,11.1281,2.03723,0.4254,0.0779,53.889,45,0.1708,41.92,114,2026-08-16 21:02:37
55,3,stabilized,Thallium stabilized,native,pol1,2616.27,0.932115,4.71847,0.860949,11.1112,2.02738,0.4247,0.0775,50.505,44,0.2320,41.89,114,2026-08-16 23:49:36
55,3,stabilized,Thallium stabilized,native,pol1,2616.27,0.932115,4.71847,0.860949,11.1112,2.02738,0.4247,0.0775,50.505,44,0.2320,41.89,114,2026-08-16 21:02:37
55,3,stabilized,Thallium stabilized,energy,pol0,2614.64,0.903817,4.59758,0.807169,10.8265,1.90074,0.4141,0.0727,54.526,45,0.1562,41.44,114,2026-08-16 23:49:36
55,3,stabilized,Thallium stabilized,energy,pol0,2614.64,0.903817,4.59758,0.807169,10.8265,1.90074,0.4141,0.0727,54.526,45,0.1562,41.44,114,2026-08-16 21:02:37
55,3,stabilized,Thallium stabilized,energy,pol1,2614.75,0.899869,4.57678,0.786629,10.7775,1.85237,0.4122,0.0708,53.432,44,0.1559,41.36,114,2026-08-16 23:49:36
55,3,stabilized,Thallium stabilized,energy,pol1,2614.75,0.899869,4.57678,0.786629,10.7775,1.85237,0.4122,0.0708,53.432,44,0.1559,41.36,114,2026-08-16 21:02:37
56,0,rough,Calibration rough,native,pol0,2618.83,0.969056,4.58651,0.770997,10.8004,1.81556,0.4124,0.0693,52.328,40,0.0917,31.80,59,2026-08-16 23:49:53
56,0,rough,Calibration rough,native,pol0,2618.75,0.9268,4.49774,0.743044,10.5914,1.74973,0.4044,0.0668,71.406,58,0.1111,32.16,67,2026-08-16 21:02:53
56,0,rough,Calibration rough,native,pol1,2618.92,0.949615,4.48729,0.787161,10.5667,1.85362,0.4035,0.0708,43.826,39,0.2742,31.98,59,2026-08-16 23:49:53
56,0,rough,Calibration rough,native,pol1,2618.73,0.914088,4.40598,0.74563,10.3753,1.75582,0.3962,0.0670,57.783,57,0.4462,32.13,67,2026-08-16 21:02:53
56,0,rough,Calibration rough,energy,pol0,2614.4,0.88506,4.19993,0.757104,9.89009,1.78284,0.3783,0.0682,52.160,40,0.0943,30.99,59,2026-08-16 23:49:53
56,0,rough,Calibration rough,energy,pol0,2614.77,0.90533,4.3384,0.792069,10.2162,1.86518,0.3907,0.0713,73.720,58,0.0799,31.51,67,2026-08-16 21:02:53
56,0,rough,Calibration rough,energy,pol1,2614.67,0.911858,4.27774,0.817903,10.0733,1.92601,0.3853,0.0737,44.597,39,0.2481,31.19,59,2026-08-16 23:49:53
56,0,rough,Calibration rough,energy,pol1,2614.67,0.914523,4.34889,0.80452,10.2409,1.8945,0.3917,0.0725,57.517,57,0.4559,31.53,67,2026-08-16 21:02:53
56,1,heater,Heater stabilized,native,pol0,8100.83,2.92199,14.6956,2.382,34.6054,5.60917,0.4272,0.0692,43.405,40,0.3283,33.70,58,2026-08-16 23:49:53
56,1,heater,Heater stabilized,native,pol0,8101.26,2.83466,14.5805,2.33812,34.3343,5.50585,0.4238,0.0680,64.950,58,0.2474,34.37,67,2026-08-16 21:02:53
56,1,heater,Heater stabilized,native,pol1,8102.05,3.20395,15.1654,2.92001,35.7118,6.87609,0.4408,0.0849,34.261,39,0.6857,34.54,58,2026-08-16 23:49:53
56,1,heater,Heater stabilized,native,pol1,8101.42,2.86808,14.6515,2.42077,34.5017,5.70049,0.4259,0.0704,55.388,57,0.5358,34.42,67,2026-08-16 21:02:53
56,1,heater,Heater stabilized,energy,pol0,2613.78,0.920167,4.51612,0.769562,10.6347,1.81218,0.4069,0.0693,50.184,40,0.1298,32.98,58,2026-08-16 23:49:53
56,1,heater,Heater stabilized,energy,pol0,2614.24,0.984284,4.7705,0.869749,11.2337,2.0481,0.4297,0.0783,64.799,58,0.2516,33.54,67,2026-08-16 21:02:53
56,1,heater,Heater stabilized,energy,pol1,2614.15,0.93018,4.64387,0.79998,10.9355,1.88381,0.4183,0.0721,33.881,39,0.7022,33.79,58,2026-08-16 23:49:53
56,1,heater,Heater stabilized,energy,pol1,2614.16,0.932142,4.69237,0.77825,11.0497,1.83264,0.4227,0.0701,55.293,57,0.5394,33.84,67,2026-08-16 21:02:53
56,2,corrected,Corrected amplitude,native,pol0,8099.31,3.55235,14.7843,2.80401,34.8143,6.60294,0.4298,0.0815,52.592,40,0.0877,28.76,83,2026-08-16 23:49:53
56,2,corrected,Corrected amplitude,native,pol0,8098.88,3.53691,15.2332,2.78882,35.8715,6.56717,0.4429,0.0811,77.622,58,0.0437,29.54,100,2026-08-16 21:02:53
56,2,corrected,Corrected amplitude,native,pol1,8099.49,3.55219,14.804,2.83237,34.8607,6.66973,0.4304,0.0823,50.996,39,0.0945,28.86,83,2026-08-16 23:49:53
56,2,corrected,Corrected amplitude,native,pol1,8099.07,3.54209,15.2718,2.81739,35.9622,6.63444,0.4440,0.0819,73.205,57,0.0728,29.65,100,2026-08-16 21:02:53
56,2,corrected,Corrected amplitude,energy,pol0,2614.6,1.12603,4.74531,0.89838,11.1743,2.11552,0.4274,0.0809,50.601,40,0.1215,29.16,81,2026-08-16 23:49:53
56,2,corrected,Corrected amplitude,energy,pol0,2614.92,1.13073,4.65912,0.969198,10.9714,2.28229,0.4196,0.0873,76.961,58,0.0486,29.22,100,2026-08-16 21:02:53
56,2,corrected,Corrected amplitude,energy,pol1,2614.67,1.12721,4.73015,0.906421,11.1386,2.13446,0.4260,0.0816,48.594,39,0.1396,29.10,81,2026-08-16 23:49:53
56,2,corrected,Corrected amplitude,energy,pol1,2614.99,1.13015,4.63535,0.978416,10.9154,2.30399,0.4174,0.0881,72.511,57,0.0808,29.15,100,2026-08-16 21:02:53
56,3,stabilized,Thallium stabilized,native,pol0,2614.64,0.799996,3.95312,0.256598,9.30889,0.604241,0.3560,0.0231,41.492,40,0.4055,32.14,81,2026-08-16 23:49:53
56,3,stabilized,Thallium stabilized,native,pol0,2614.65,0.802888,3.95313,0.269513,9.30891,0.634654,0.3560,0.0243,65.165,58,0.2417,32.08,101,2026-08-16 21:02:53
56,3,stabilized,Thallium stabilized,native,pol1,2614.69,0.800143,3.95316,0.258488,9.30899,0.608692,0.3560,0.0233,43.121,39,0.2994,32.16,81,2026-08-16 23:49:53
56,3,stabilized,Thallium stabilized,native,pol1,2614.71,0.802947,3.95318,0.271553,9.30903,0.639458,0.3560,0.0245,57.903,57,0.4417,32.10,101,2026-08-16 21:02:53
56,3,stabilized,Thallium stabilized,energy,pol0,2614.56,0.797645,3.953,0.259664,9.3086,0.611463,0.3560,0.0234,47.497,40,0.1937,32.27,80,2026-08-16 23:49:53
56,3,stabilized,Thallium stabilized,energy,pol0,2614.6,0.802873,3.95306,0.269509,9.30874,0.634644,0.3560,0.0243,64.118,58,0.2707,32.08,101,2026-08-16 21:02:53
56,3,stabilized,Thallium stabilized,energy,pol1,2614.61,0.797689,3.95304,0.261072,9.30869,0.614779,0.3560,0.0235,45.852,39,0.2092,32.28,80,2026-08-16 23:49:53
56,3,stabilized,Thallium stabilized,energy,pol1,2614.66,0.802934,3.95311,0.271568,9.30885,0.639493,0.3560,0.0245,56.690,57,0.4867,32.10,101,2026-08-16 21:02:53
57,0,rough,Calibration rough,native,pol0,2637.38,1.62517,6.71506,1.15396,15.8128,2.71736,0.5996,0.1030,13.642,27,0.9845,18.99,22,2026-08-17 00:33:07
57,0,rough,Calibration rough,native,pol0,2636.95,1.53492,6.86879,1.08049,16.1748,2.54436,0.6134,0.0965,4.326,21,1.0000,20.00,20,2026-08-16 21:03:08
57,0,rough,Calibration rough,native,pol0,2636.95,1.53492,6.86879,1.08049,16.1748,2.54436,0.6134,0.0965,4.326,21,1.0000,20.00,20,2026-08-16 21:43:54
57,0,rough,Calibration rough,native,pol1,2637.37,1.58432,6.71462,1.12867,15.8117,2.65781,0.5995,0.1008,13.641,26,0.9774,18.99,22,2026-08-17 00:33:07
57,0,rough,Calibration rough,native,pol1,2636.59,36.3527,10.4166,10.7834,24.5293,25.393,0.9303,0.9632,3.459,20,1.0000,35.86,20,2026-08-16 21:03:08
57,0,rough,Calibration rough,native,pol1,2636.6,0.0169539,10.9265,0.0259637,25.73,0.0611399,0.9759,0.0023,3.479,20,1.0000,38.08,20,2026-08-16 21:43:54
57,0,rough,Calibration rough,energy,pol0,2614.29,1.61095,6.65629,1.14386,15.6744,2.69358,0.5996,0.1030,13.642,27,0.9845,18.99,22,2026-08-17 00:33:07
57,0,rough,Calibration rough,energy,pol0,2615.22,1.52227,6.81218,1.07158,16.0415,2.52339,0.6134,0.0965,4.326,21,1.0000,20.00,20,2026-08-16 21:03:08
57,0,rough,Calibration rough,energy,pol0,2615.22,1.52227,6.81218,1.07158,16.0415,2.52339,0.6134,0.0965,4.326,21,1.0000,20.00,20,2026-08-16 21:43:54
57,0,rough,Calibration rough,energy,pol1,2614.29,1.57588,6.65523,1.11738,15.6719,2.63122,0.5995,0.1006,13.641,26,0.9774,18.99,22,2026-08-17 00:33:07
57,0,rough,Calibration rough,energy,pol1,2614.71,0.0547738,9.34983,0.0860275,22.0172,0.202579,0.8421,0.0077,3.428,20,1.0000,30.34,20,2026-08-16 21:03:08
57,0,rough,Calibration rough,energy,pol1,2614.71,0.036799,9.36771,0.0198735,22.0593,0.0467984,0.8437,0.0018,3.427,20,1.0000,30.38,20,2026-08-16 21:43:54
57,1,heater,Heater stabilized,native,pol0,4986.44,5.9895,32.6976,4.40611,76.997,10.3756,1.5441,0.2081,36.240,42,0.7211,38.25,48,2026-08-17 00:33:07
57,1,heater,Heater stabilized,native,pol0,4986.4,5.88194,34.2093,19.4179,80.5568,45.7256,1.6155,0.9170,35.053,28,0.1683,40.63,45,2026-08-16 21:03:08
57,1,heater,Heater stabilized,native,pol0,4986.4,5.88194,34.2093,19.4179,80.5568,45.7256,1.6155,0.9170,35.053,28,0.1683,40.63,45,2026-08-16 21:43:54
57,1,heater,Heater stabilized,native,pol1,4986.69,6.03475,33.4093,4.18784,78.6729,9.86162,1.5777,0.1978,45.013,41,0.3076,38.31,48,2026-08-17 00:33:07
57,1,heater,Heater stabilized,native,pol1,4985.52,5.28656,35.0977,2.79123,82.6488,6.57283,1.6578,0.1319,28.270,27,0.3972,44.70,44,2026-08-16 21:03:08
57,1,heater,Heater stabilized,native,pol1,4985.52,5.28655,35.0977,2.79126,82.6488,6.5729,1.6578,0.1319,28.270,27,0.3972,44.70,44,2026-08-16 21:43:54
57,1,heater,Heater stabilized,energy,pol0,2614.3,3.10626,16.8939,2.26875,39.782,5.34249,1.5217,0.2044,40.098,42,0.5547,37.96,48,2026-08-17 00:33:07
57,1,heater,Heater stabilized,energy,pol0,2614.9,3.11876,18.0861,10.9302,42.5894,25.7386,1.6287,0.9843,39.549,28,0.0725,40.53,45,2026-08-16 21:03:08
57,1,heater,Heater stabilized,energy,pol0,2614.9,3.11876,18.0861,10.9302,42.5894,25.7386,1.6287,0.9843,39.549,28,0.0725,40.53,45,2026-08-16 21:43:54
57,1,heater,Heater stabilized,energy,pol1,2614.51,3.16393,17.5164,2.19203,41.248,5.16185,1.5777,0.1974,45.013,41,0.3076,38.31,48,2026-08-17 00:33:07
57,1,heater,Heater stabilized,energy,pol1,2614.42,2.7204,18.3968,2.02451,43.3212,4.76735,1.6570,0.1824,26.199,27,0.5076,44.57,44,2026-08-16 21:03:08
57,1,heater,Heater stabilized,energy,pol1,2614.42,2.7204,18.3968,2.02451,43.3212,4.76735,1.6570,0.1824,26.199,27,0.5076,44.57,44,2026-08-16 21:43:54
57,2,corrected,Corrected amplitude,native,pol0,4988.06,6.62552,32.0557,4.81067,75.4854,11.3283,1.5133,0.2271,38.013,36,0.3778,33.79,48,2026-08-17 00:33:07
57,2,corrected,Corrected amplitude,native,pol0,4988.63,6.38733,33.5146,4.82513,78.9208,11.3623,1.5820,0.2278,31.636,28,0.2896,36.27,44,2026-08-16 21:03:08
57,2,corrected,Corrected amplitude,native,pol0,4988.63,6.38733,33.5146,4.82513,78.9208,11.3623,1.5820,0.2278,31.636,28,0.2896,36.27,44,2026-08-16 21:43:54
57,2,corrected,Corrected amplitude,native,pol1,4989.11,6.56711,32.5365,4.72507,76.6176,11.1267,1.5357,0.2230,37.514,35,0.3546,34.38,48,2026-08-17 00:33:07
57,2,corrected,Corrected amplitude,native,pol1,4988.42,6.43114,33.4231,4.88613,78.7054,11.506,1.5778,0.2307,31.627,27,0.2462,36.12,44,2026-08-16 21:03:08
57,2,corrected,Corrected amplitude,native,pol1,4988.42,6.43114,33.4231,4.88613,78.7054,11.506,1.5778,0.2307,31.627,27,0.2462,36.12,44,2026-08-16 21:43:54
57,2,corrected,Corrected amplitude,energy,pol0,2614.25,3.31483,17.1061,2.40092,40.2818,5.65374,1.5409,0.2163,35.678,36,0.4838,35.32,47,2026-08-17 00:33:07
57,2,corrected,Corrected amplitude,energy,pol0,2614.71,3.2603,17.2798,2.5137,40.6908,5.91932,1.5562,0.2264,25.697,28,0.5897,36.38,44,2026-08-16 21:03:08
57,2,corrected,Corrected amplitude,energy,pol0,2614.71,3.2603,17.2798,2.5137,40.6908,5.91932,1.5562,0.2264,25.697,28,0.5897,36.38,44,2026-08-16 21:43:54
57,2,corrected,Corrected amplitude,energy,pol1,2614.68,3.30557,17.1904,2.37979,40.4804,5.60398,1.5482,0.2143,35.189,35,0.4593,35.52,47,2026-08-17 00:33:07
57,2,corrected,Corrected amplitude,energy,pol1,2614.99,3.26423,17.3508,2.49159,40.8581,5.86725,1.5625,0.2244,25.608,27,0.5404,36.56,44,2026-08-16 21:03:08
57,2,corrected,Corrected amplitude,energy,pol1,2614.99,3.26423,17.3508,2.49159,40.8581,5.86725,1.5625,0.2244,25.608,27,0.5404,36.56,44,2026-08-16 21:43:54
57,3,stabilized,Thallium stabilized,native,pol0,2614.45,0.837365,3.67589,0.445889,8.65605,1.04999,0.3311,0.0402,50.269,58,0.7548,26.64,39,2026-08-17 00:33:07
57,3,stabilized,Thallium stabilized,native,pol0,2614.58,0.852936,3.67636,9.1302,8.65717,21.5,0.3311,0.8223,39.027,45,0.7220,26.87,36,2026-08-16 21:03:08
57,3,stabilized,Thallium stabilized,native,pol0,2614.58,0.852936,3.67636,9.1302,8.65717,21.5,0.3311,0.8223,39.027,45,0.7220,26.87,36,2026-08-16 21:43:54
57,3,stabilized,Thallium stabilized,native,pol1,2614.43,0.828971,3.67577,0.491503,8.65579,1.1574,0.3311,0.0443,46.765,57,0.8313,26.58,39,2026-08-17 00:33:07
57,3,stabilized,Thallium stabilized,native,pol1,2614.3,0.828582,3.67625,0.652165,8.65692,1.53573,0.3311,0.0587,33.946,44,0.8630,26.47,36,2026-08-16 21:03:08
57,3,stabilized,Thallium stabilized,native,pol1,2614.3,0.828582,3.67625,0.652165,8.65692,1.53573,0.3311,0.0587,33.946,44,0.8630,26.47,36,2026-08-16 21:43:54
57,3,stabilized,Thallium stabilized,energy,pol0,2614.29,0.826391,3.67634,0.4386,8.65712,1.03282,0.3311,0.0395,45.870,58,0.8755,26.44,39,2026-08-17 00:33:07
57,3,stabilized,Thallium stabilized,energy,pol0,2614.65,0.827157,3.6763,0.552057,8.65703,1.29999,0.3311,0.0497,35.053,45,0.8567,26.29,36,2026-08-16 21:03:08
57,3,stabilized,Thallium stabilized,energy,pol0,2614.65,0.827157,3.6763,0.552057,8.65703,1.29999,0.3311,0.0497,35.053,45,0.8567,26.29,36,2026-08-16 21:43:54
57,3,stabilized,Thallium stabilized,energy,pol1,2614.27,0.694815,3.6762,0.344564,8.65679,0.811386,0.3311,0.0310,40.145,57,0.9558,26.42,39,2026-08-17 00:33:07
57,3,stabilized,Thallium stabilized,energy,pol1,2614.53,0.831486,3.67619,0.70997,8.65676,1.67185,0.3311,0.0639,31.766,44,0.9157,26.11,36,2026-08-16 21:03:08
57,3,stabilized,Thallium stabilized,energy,pol1,2614.53,0.831486,3.67619,0.70997,8.65676,1.67185,0.3311,0.0639,31.766,44,0.9157,26.11,36,2026-08-16 21:43:54
58,0,rough,Calibration rough,native,pol0,2632.6,1.15512,3.2028,0.887287,7.54202,2.0894,0.2865,0.0794,26.024,27,0.5172,13.28,34,2026-08-17 00:25:41
58,0,rough,Calibration rough,native,pol0,2632.6,1.15512,3.2028,0.887287,7.54202,2.0894,0.2865,0.0794,26.024,27,0.5172,13.28,34,2026-08-16 21:14:50
58,0,rough,Calibration rough,native,pol0,2632.57,1.21678,3.16073,1.02513,7.44296,2.414,0.2827,0.0917,21.169,20,0.3872,13.21,34,2026-08-16 21:44:09
58,0,rough,Calibration rough,native,pol1,2632.59,1.14858,3.19606,0.876023,7.52614,2.06288,0.2859,0.0784,25.986,26,0.4639,13.27,34,2026-08-17 00:25:41
58,0,rough,Calibration rough,native,pol1,2632.59,1.14858,3.19606,0.876023,7.52614,2.06288,0.2859,0.0784,25.986,26,0.4639,13.27,34,2026-08-16 21:14:50
58,0,rough,Calibration rough,native,pol1,2632.55,1.20373,3.14684,1.00549,7.41024,2.36775,0.2815,0.0899,21.119,19,0.3303,13.18,34,2026-08-16 21:44:09
58,0,rough,Calibration rough,energy,pol0,2614.47,1.14792,3.18276,0.885973,7.49483,2.08631,0.2867,0.0798,28.796,27,0.3709,13.28,34,2026-08-17 00:25:41
58,0,rough,Calibration rough,energy,pol0,2614.47,1.14792,3.18276,0.885973,7.49483,2.08631,0.2867,0.0798,28.796,27,0.3709,13.28,34,2026-08-16 21:14:50
58,0,rough,Calibration rough,energy,pol0,2614.54,1.20845,3.13909,1.01811,7.39199,2.39747,0.2827,0.0917,21.169,20,0.3872,13.21,34,2026-08-16 21:44:09
58,0,rough,Calibration rough,energy,pol1,2614.44,1.14057,3.17485,0.873059,7.47621,2.0559,0.2860,0.0786,28.747,26,0.3227,13.27,34,2026-08-17 00:25:41
58,0,rough,Calibration rough,energy,pol1,2614.44,1.14057,3.17485,0.873059,7.47621,2.0559,0.2860,0.0786,28.747,26,0.3227,13.27,34,2026-08-16 21:14:50
58,0,rough,Calibration rough,energy,pol1,2614.5,1.19502,3.12512,0.998156,7.3591,2.35048,0.2815,0.0899,21.119,19,0.3303,13.18,34,2026-08-16 21:44:09
58,1,heater,Heater stabilized,native,pol0,6901.2,2.92286,13.5229,2.19789,31.8441,5.17563,0.4614,0.0750,18.580,22,0.6711,26.49,29,2026-08-17 00:25:41
58,1,heater,Heater stabilized,native,pol0,6899.42,3.04527,16.4351,2.12188,38.7016,4.99664,0.5609,0.0724,23.064,27,0.6816,29.00,29,2026-08-16 21:14:50
58,1,heater,Heater stabilized,native,pol0,6900.89,3.08216,14.3815,2.68205,33.8657,6.31573,0.4907,0.0915,20.090,20,0.4523,27.57,29,2026-08-16 21:44:09
58,1,heater,Heater stabilized,native,pol1,6907.99,1.79748,7.44494,1.04859,17.5315,2.46923,0.2538,0.0357,19.228,21,0.5705,20.77,29,2026-08-17 00:25:41
58,1,heater,Heater stabilized,native,pol1,6901.61,2.50135,14.3103,0.598357,33.6981,1.40902,0.4883,0.0204,22.628,26,0.6539,33.28,29,2026-08-16 21:14:50
58,1,heater,Heater stabilized,native,pol1,6902.12,0.926101,15.7209,nan,37.0199,nan,0.5364,nan,14.812,19,0.7345,32.06,29,2026-08-16 21:44:09
58,1,heater,Heater stabilized,energy,pol0,2612.07,1.09521,5.15955,0.814536,12.1498,1.91809,0.4651,0.0734,21.549,22,0.4871,26.54,29,2026-08-17 00:25:41
58,1,heater,Heater stabilized,energy,pol0,2564.75,2.70219,7.45887,5.49542,17.5643,12.9407,0.6848,0.5046,23.431,27,0.6617,9.42,12,2026-08-16 21:14:50
58,1,heater,Heater stabilized,energy,pol0,2614.19,1.03222,5.1517,0.775223,12.1313,1.82551,0.4641,0.0698,19.643,20,0.4805,27.32,29,2026-08-16 21:44:09
58,1,heater,Heater stabilized,energy,pol1,2614.15,0.693953,7.5648,0.183245,17.8137,0.431509,0.6814,0.0165,10.955,21,0.9637,76.76,29,2026-08-17 00:25:41
58,1,heater,Heater stabilized,energy,pol1,2564.99,2.91345,6.78762,3.14549,15.9836,7.40705,0.6231,0.2888,23.892,26,0.5822,8.31,13,2026-08-16 21:14:50
58,1,heater,Heater stabilized,energy,pol1,2614.43,1.0652,5.42251,0.897563,12.769,2.1136,0.4884,0.0808,17.692,19,0.5431,29.34,29,2026-08-16 21:44:09
58,2,corrected,Corrected amplitude,native,pol0,6904.26,3.62502,12.6888,3.11042,29.8798,7.32448,0.4328,0.1061,36.697,33,0.3014,27.53,35,2026-08-17 00:25:41
58,2,corrected,Corrected amplitude,native,pol0,6904.26,3.62502,12.6888,3.11042,29.8798,7.32448,0.4328,0.1061,36.697,33,0.3014,27.53,35,2026-08-16 21:14:50
58,2,corrected,Corrected amplitude,native,pol0,6904.26,3.62502,12.6888,3.11042,29.8798,7.32448,0.4328,0.1061,36.697,33,0.3014,27.53,35,2026-08-16 21:44:09
58,2,corrected,Corrected amplitude,native,pol1,6898.35,36.9751,19.5447,1.80697,46.0243,4.2551,0.6672,0.0618,36.129,32,0.2816,33.59,35,2026-08-17 00:25:41
58,2,corrected,Corrected amplitude,native,pol1,6898.35,36.9751,19.5447,1.80697,46.0243,4.2551,0.6672,0.0618,36.129,32,0.2816,33.59,35,2026-08-16 21:14:50
58,2,corrected,Corrected amplitude,native,pol1,6898.35,36.9751,19.5447,1.80697,46.0243,4.2551,0.6672,0.0618,36.129,32,0.2816,33.59,35,2026-08-16 21:44:09
58,2,corrected,Corrected amplitude,energy,pol0,2619.29,0.632438,2.03344,0.548654,4.78838,1.29198,0.1828,0.0493,41.301,33,0.1521,19.05,38,2026-08-17 00:25:41
58,2,corrected,Corrected amplitude,energy,pol0,2619.29,0.632438,2.03344,0.548654,4.78838,1.29198,0.1828,0.0493,41.301,33,0.1521,19.05,38,2026-08-16 21:14:50
58,2,corrected,Corrected amplitude,energy,pol0,2619.29,0.632438,2.03344,0.548654,4.78838,1.29198,0.1828,0.0493,41.301,33,0.1521,19.05,38,2026-08-16 21:44:09
58,2,corrected,Corrected amplitude,energy,pol1,2619.28,0.612006,2.09969,0.538166,4.94439,1.26728,0.1888,0.0484,29.357,32,0.6010,20.21,38,2026-08-17 00:25:41
58,2,corrected,Corrected amplitude,energy,pol1,2619.28,0.612006,2.09969,0.538166,4.94439,1.26728,0.1888,0.0484,29.357,32,0.6010,20.21,38,2026-08-16 21:14:50
58,2,corrected,Corrected amplitude,energy,pol1,2619.28,0.602897,2.09961,0.525134,4.94421,1.2366,0.1888,0.0472,29.357,32,0.6010,20.21,38,2026-08-16 21:44:09
58,3,stabilized,Thallium stabilized,native,pol0,2615.91,0.424202,1.60718,0.336348,3.78461,0.792039,0.1447,0.0303,38.743,27,0.0668,19.78,36,2026-08-17 00:25:41
58,3,stabilized,Thallium stabilized,native,pol0,2615.91,0.424202,1.60718,0.336348,3.78461,0.792039,0.1447,0.0303,38.743,27,0.0668,19.78,36,2026-08-16 21:14:50
58,3,stabilized,Thallium stabilized,native,pol0,2611.58,1.57976,7.58509,5.12611,17.8615,12.0711,0.6839,0.4622,51.332,33,0.0219,32.97,36,2026-08-16 21:44:09
58,3,stabilized,Thallium stabilized,native,pol1,2611.5,1.56577,7.58473,0.874892,17.8607,2.06021,0.6839,0.0789,48.094,26,0.0053,32.86,36,2026-08-17 00:25:41
58,3,stabilized,Thallium stabilized,native,pol1,2611.5,1.56577,7.58473,0.874892,17.8607,2.06021,0.6839,0.0789,48.094,26,0.0053,32.86,36,2026-08-16 21:14:50
58,3,stabilized,Thallium stabilized,native,pol1,2615.63,11.1066,3.09458,1.88156,7.28719,4.43073,0.2786,0.1694,38.740,32,0.1917,12.88,36,2026-08-16 21:44:09
58,3,stabilized,Thallium stabilized,energy,pol0,2618.44,0.692301,2.46933,0.541989,5.81483,1.27629,0.2221,0.0487,35.221,27,0.1334,21.84,36,2026-08-17 00:25:41
58,3,stabilized,Thallium stabilized,energy,pol0,2618.44,0.692301,2.46933,0.541989,5.81483,1.27629,0.2221,0.0487,35.221,27,0.1334,21.84,36,2026-08-16 21:14:50
58,3,stabilized,Thallium stabilized,energy,pol0,2614.87,0.397298,1.51641,0.674596,3.57086,1.58855,0.1366,0.0608,37.079,33,0.2863,19.55,36,2026-08-16 21:44:09
58,3,stabilized,Thallium stabilized,energy,pol1,2619.26,0.42537,1.56825,0.573895,3.69294,1.35142,0.1410,0.0516,25.596,26,0.4855,18.66,36,2026-08-17 00:25:41
58,3,stabilized,Thallium stabilized,energy,pol1,2619.26,0.42537,1.56825,0.573895,3.69294,1.35142,0.1410,0.0516,25.596,26,0.4855,18.66,36,2026-08-16 21:14:50
58,3,stabilized,Thallium stabilized,energy,pol1,2610.45,1.52628,7.58206,1.05042,17.8544,2.47355,0.6840,0.0948,51.588,32,0.0156,33.10,36,2026-08-16 21:44:09
59,0,rough,Calibration rough,native,pol0,2564.93,1.44101,6.96112,1.06199,16.3922,2.50079,0.6391,0.0975,30.919,32,0.5211,27.45,34,2026-08-16 23:50:45
59,0,rough,Calibration rough,native,pol0,2564.93,1.44101,6.96112,1.06199,16.3922,2.50079,0.6391,0.0975,30.919,32,0.5211,27.45,34,2026-08-16 21:20:51
59,0,rough,Calibration rough,native,pol1,2566.62,1.32493,8.14344,1.25187,19.1763,2.94793,0.7471,0.1149,16.703,31,0.9830,36.07,34,2026-08-16 23:50:45
59,0,rough,Calibration rough,native,pol1,2566.62,1.32493,8.14344,1.25187,19.1763,2.94793,0.7471,0.1149,16.703,31,0.9830,36.07,34,2026-08-16 21:20:51
59,0,rough,Calibration rough,energy,pol0,2612.65,1.49811,7.22547,1.10586,17.0147,2.60409,0.6512,0.0997,29.553,32,0.5910,27.44,34,2026-08-16 23:50:45
59,0,rough,Calibration rough,energy,pol0,2612.65,1.49811,7.22547,1.10586,17.0147,2.60409,0.6512,0.0997,29.553,32,0.5910,27.44,34,2026-08-16 21:20:51
59,0,rough,Calibration rough,energy,pol1,2613.94,1.64763,8.33481,1.64202,19.627,3.86667,0.7509,0.1479,23.612,31,0.8260,33.26,34,2026-08-16 23:50:45
59,0,rough,Calibration rough,energy,pol1,2613.94,1.64763,8.33481,1.64202,19.627,3.86667,0.7509,0.1479,23.612,31,0.8260,33.26,34,2026-08-16 21:20:51
59,2,corrected,optimumfilter_all,native,pol0,0.156852,8.89976e-05,0.000433274,6.53917e-05,0.00102028,0.000153986,0.6505,0.0982,28.405,44,0.9671,27.68,34,2026-08-16 21:20:51
59,2,corrected,optimumfilter_all,native,pol1,0.156939,8.11469e-05,0.000510272,8.0966e-05,0.0012016,0.00019066,0.7656,0.1215,21.582,43,0.9974,37.16,34,2026-08-16 21:20:51
59,2,corrected,optimumfilter_all,energy,pol0,2613.2,1.40909,6.89527,1.01566,16.2371,2.3917,0.6213,0.0915,37.164,44,0.7575,27.62,34,2026-08-16 21:20:51
59,2,corrected,optimumfilter_all,energy,pol1,2614.85,21.3481,8.36896,6.66649,19.7074,15.6984,0.7537,0.6004,30.105,43,0.9314,36.87,34,2026-08-16 21:20:51
59,3,stabilized,Thallium stabilized,native,pol0,2614.75,0.571143,2.55913,0.438346,6.0263,1.03223,0.2305,0.0395,25.737,39,0.9494,23.55,30,2026-08-16 23:50:45
59,3,stabilized,Thallium stabilized,native,pol0,2614.8,0.584229,2.60575,0.440981,6.13607,1.03843,0.2347,0.0397,22.584,25,0.6018,23.39,30,2026-08-16 21:20:51
59,3,stabilized,Thallium stabilized,native,pol1,2614.75,0.568579,2.55436,0.43207,6.01505,1.01745,0.2300,0.0389,25.569,38,0.9384,23.54,30,2026-08-16 23:50:45
59,3,stabilized,Thallium stabilized,native,pol1,2614.8,0.582546,2.60823,0.435924,6.14191,1.02652,0.2349,0.0393,22.422,24,0.5541,23.41,30,2026-08-16 21:20:51
59,3,stabilized,Thallium stabilized,energy,pol0,2614.5,0.571088,2.55889,0.438304,6.02572,1.03213,0.2305,0.0395,25.737,39,0.9494,23.55,30,2026-08-16 23:50:45
59,3,stabilized,Thallium stabilized,energy,pol0,2614.54,0.622271,2.73656,0.486081,6.44411,1.14463,0.2465,0.0438,20.814,25,0.7029,23.30,30,2026-08-16 21:20:51
59,3,stabilized,Thallium stabilized,energy,pol1,2614.52,0.568526,2.55412,0.432031,6.0145,1.01735,0.2300,0.0389,25.569,38,0.9384,23.54,30,2026-08-16 23:50:45
59,3,stabilized,Thallium stabilized,energy,pol1,2614.56,0.619619,2.7333,0.477874,6.43643,1.12531,0.2462,0.0430,20.634,24,0.6602,23.30,30,2026-08-16 21:20:51
60,0,rough,Calibration rough,native,pol0,2532.85,4.87381,18.6741,3.73634,43.9742,8.79841,1.7362,0.3474,13.604,11,0.2557,26.19,51,2026-08-17 00:27:57
60,0,rough,Calibration rough,native,pol0,2517.78,17.4473,8.82999,1.6103,20.793,3.79197,0.8258,0.1507,33.124,12,0.0009,11.82,51,2026-08-16 21:34:42
60,0,rough,Calibration rough,native,pol0,2532.31,4.79906,18.3429,3.4152,43.1943,8.04219,1.7057,0.3176,29.339,16,0.0217,25.71,54,2026-08-16 23:35:33
60,0,rough,Calibration rough,native,pol1,2533.09,4.90022,18.7368,3.72859,44.1217,8.78016,1.7418,0.3466,10.587,10,0.3906,26.23,51,2026-08-17 00:27:57
60,0,rough,Calibration rough,native,pol1,2518,17.2971,8.83078,1.52187,20.7949,3.58374,0.8258,0.1424,33.705,11,0.0004,11.90,51,2026-08-16 21:34:42
60,0,rough,Calibration rough,native,pol1,2533.24,4.57874,17.5117,3.36082,41.2369,7.91414,1.6278,0.3124,21.883,15,0.1109,25.80,54,2026-08-16 23:35:33
60,0,rough,Calibration rough,energy,pol0,2614.36,5.03065,19.275,3.85657,45.3892,9.08154,1.7362,0.3474,13.604,11,0.2557,26.19,51,2026-08-17 00:27:57
60,0,rough,Calibration rough,energy,pol0,2634.91,7.28637,9.18968,0.700537,21.64,1.64964,0.8213,0.0626,17.493,12,0.1320,14.10,51,2026-08-16 21:34:42
60,0,rough,Calibration rough,energy,pol0,2612.84,5.03912,19.2368,3.60566,45.2991,8.49068,1.7337,0.3250,27.912,16,0.0324,25.71,54,2026-08-16 23:35:33
60,0,rough,Calibration rough,energy,pol1,2614.61,5.0579,19.3396,3.84853,45.5413,9.0626,1.7418,0.3466,10.587,10,0.3906,26.23,51,2026-08-17 00:27:57
60,0,rough,Calibration rough,energy,pol1,2638.35,4.95794,9.19303,0.757756,21.6479,1.78438,0.8205,0.0677,18.629,11,0.0681,14.44,51,2026-08-16 21:34:42
60,0,rough,Calibration rough,energy,pol1,2614.73,4.94808,18.873,3.5828,44.4425,8.43686,1.6997,0.3227,27.333,15,0.0261,25.71,54,2026-08-16 23:35:33
60,1,heater,Heater stabilized,native,pol0,4650.84,4.01396,16.235,1.75612,38.2305,4.13534,0.8220,0.0889,37.612,44,0.7405,27.78,42,2026-08-17 00:27:57
60,1,heater,Heater stabilized,native,pol0,4650.05,4.3025,16.2322,8.04579,38.2239,18.9464,0.8220,0.4074,44.021,44,0.4708,25.67,39,2026-08-16 21:34:42
60,1,heater,Heater stabilized,native,pol0,4650.38,4.0012,16.2342,2.14506,38.2286,5.05123,0.8221,0.1086,56.923,68,0.8287,27.56,39,2026-08-16 23:35:33
60,1,heater,Heater stabilized,native,pol1,4649.98,4.01871,16.2377,0.542464,38.2368,1.27741,0.8223,0.0275,40.618,43,0.5751,27.41,42,2026-08-17 00:27:57
60,1,heater,Heater stabilized,native,pol1,4652.2,4.12274,16.2418,2.26584,38.2464,5.33564,0.8221,0.1147,38.698,43,0.6583,26.95,39,2026-08-16 21:34:42
60,1,heater,Heater stabilized,native,pol1,4652.18,3.99157,16.241,1.32795,38.2447,3.12709,0.8221,0.0672,51.682,67,0.9164,28.14,39,2026-08-16 23:35:33
60,1,heater,Heater stabilized,energy,pol0,2614.93,2.25492,9.1287,1.10695,21.4964,2.60668,0.8221,0.0997,38.928,44,0.6883,27.79,42,2026-08-17 00:27:57
60,1,heater,Heater stabilized,energy,pol0,2613.57,2.37192,9.12375,1.55104,21.4848,3.65241,0.8220,0.1398,42.347,44,0.5426,26.25,39,2026-08-16 21:34:42
60,1,heater,Heater stabilized,energy,pol0,2613.49,2.2514,9.12383,1.21199,21.485,2.85401,0.8221,0.1092,56.287,68,0.8439,27.54,39,2026-08-16 23:35:33
60,1,heater,Heater stabilized,energy,pol1,2615.09,2.32358,9.13017,0.825502,21.4999,1.94391,0.8221,0.0743,39.582,43,0.6203,27.58,42,2026-08-17 00:27:57
60,1,heater,Heater stabilized,energy,pol1,2614.43,2.37298,9.12366,0.976133,21.4846,2.29862,0.8218,0.0879,41.460,43,0.5382,26.80,39,2026-08-16 21:34:42
60,1,heater,Heater stabilized,energy,pol1,2614.52,2.24061,9.12782,0.772331,21.4944,1.8187,0.8221,0.0696,51.006,67,0.9266,28.06,39,2026-08-16 23:35:33
60,2,corrected,Corrected amplitude,native,pol0,4652.78,4.57602,16.2318,1.79097,38.2231,4.2174,0.8215,0.0906,40.504,44,0.6223,24.51,41,2026-08-17 00:27:57
60,2,corrected,Corrected amplitude,native,pol0,4653.44,4.60973,16.2318,8.12017,38.2231,19.1215,0.8214,0.4109,34.744,44,0.8397,23.49,37,2026-08-16 21:34:42
60,2,corrected,Corrected amplitude,native,pol0,4653.09,4.43202,16.2318,1.67198,38.2231,3.93721,0.8215,0.0846,59.010,68,0.7734,24.87,37,2026-08-16 23:35:33
60,2,corrected,Corrected amplitude,native,pol1,4654.12,4.54574,16.2318,1.44719,38.2231,3.40788,0.8213,0.0732,38.655,43,0.6601,24.85,41,2026-08-17 00:27:57
60,2,corrected,Corrected amplitude,native,pol1,4653.39,4.12374,16.2318,1.11358,38.223,2.62228,0.8214,0.0564,34.798,43,0.8091,23.47,37,2026-08-16 21:34:42
60,2,corrected,Corrected amplitude,native,pol1,4654.99,4.33723,16.2318,1.22949,38.2231,2.89524,0.8211,0.0622,57.973,67,0.7762,25.54,37,2026-08-16 23:35:33
60,2,corrected,Corrected amplitude,energy,pol0,2614.23,2.40398,9.12656,0.760048,21.4914,1.78978,0.8221,0.0685,31.642,44,0.9182,25.59,40,2026-08-17 00:27:57
60,2,corrected,Corrected amplitude,energy,pol0,2614.46,2.55582,9.12656,4.65907,21.4914,10.9713,0.8220,0.4196,37.041,44,0.7620,23.67,37,2026-08-16 21:34:42
60,2,corrected,Corrected amplitude,energy,pol0,2613.46,2.43242,9.12656,1.002,21.4914,2.35953,0.8223,0.0903,51.461,68,0.9325,25.21,37,2026-08-16 23:35:33
60,2,corrected,Corrected amplitude,energy,pol1,2614.85,2.37871,9.12656,0.683068,21.4914,1.6085,0.8219,0.0615,29.926,43,0.9346,25.78,40,2026-08-17 00:27:57
60,2,corrected,Corrected amplitude,energy,pol1,2615.67,2.5252,9.12656,1.19375,21.4914,2.81107,0.8216,0.1075,35.542,43,0.7832,24.22,37,2026-08-16 21:34:42
60,2,corrected,Corrected amplitude,energy,pol1,2614.74,2.35815,9.12656,0.692066,21.4914,1.62969,0.8219,0.0623,49.447,67,0.9468,25.73,37,2026-08-16 23:35:33
60,3,stabilized,Thallium stabilized,native,pol0,2615.36,1.22411,3.32407,1.26763,7.82758,2.98504,0.2993,0.1141,47.334,44,0.3381,16.86,37,2026-08-17 00:27:57
60,3,stabilized,Thallium stabilized,native,pol0,2615.36,1.22411,3.32407,1.26763,7.82758,2.98504,0.2993,0.1141,47.334,44,0.3381,16.86,37,2026-08-16 21:34:42
60,3,stabilized,Thallium stabilized,native,pol0,2615.39,1.06585,2.99451,0.957424,7.05153,2.25456,0.2696,0.0862,51.845,44,0.1945,15.81,36,2026-08-16 23:35:33
60,3,stabilized,Thallium stabilized,native,pol1,2615.33,1.19419,3.51154,1.08954,8.26904,2.56567,0.3162,0.0981,46.626,43,0.3256,17.13,37,2026-08-17 00:27:57
60,3,stabilized,Thallium stabilized,native,pol1,2615.33,1.19419,3.51154,1.08954,8.26904,2.56567,0.3162,0.0981,46.626,43,0.3256,17.13,37,2026-08-16 21:34:42
60,3,stabilized,Thallium stabilized,native,pol1,2616.11,0.776703,2.11162,0.701552,4.97249,1.65203,0.1901,0.0631,48.202,43,0.2706,14.24,36,2026-08-16 23:35:33
60,3,stabilized,Thallium stabilized,energy,pol0,2614.6,1.22453,3.42963,1.18717,8.07616,2.79557,0.3089,0.1069,47.412,44,0.3353,16.95,37,2026-08-17 00:27:57
60,3,stabilized,Thallium stabilized,energy,pol0,2614.6,1.22453,3.42963,1.18717,8.07616,2.79557,0.3089,0.1069,47.412,44,0.3353,16.95,37,2026-08-16 21:34:42
60,3,stabilized,Thallium stabilized,energy,pol0,2614.79,0.607578,1.82536,7.27476,4.2984,17.1307,0.1644,0.6551,44.448,44,0.4528,13.57,36,2026-08-16 23:35:33
60,3,stabilized,Thallium stabilized,energy,pol1,2614.48,1.19472,3.5081,1.09132,8.26094,2.56987,0.3160,0.0983,46.626,43,0.3256,17.11,37,2026-08-17 00:27:57
60,3,stabilized,Thallium stabilized,energy,pol1,2614.48,1.19472,3.5081,1.09132,8.26094,2.56987,0.3160,0.0983,46.626,43,0.3256,17.11,37,2026-08-16 21:34:42
60,3,stabilized,Thallium stabilized,energy,pol1,2614.7,0.966401,1.87976,5.24533,4.4265,12.3518,0.1693,0.4724,43.485,43,0.4506,13.72,36,2026-08-16 23:35:33
61,0,rough,Calibration rough,native,pol0,2522.52,7.4088,26.7096,2.28865,62.8964,5.38936,2.4934,0.2138,26.643,11,0.0052,42.76,107,2026-08-17 18:08:17
61,0,rough,Calibration rough,native,pol1,2538.56,6.21692,26.8216,1.14073,63.1601,2.68621,2.4880,0.1060,30.618,10,0.0007,44.32,103,2026-08-17 18:08:17
61,0,rough,Calibration rough,energy,pol0,2598.73,7.59436,27.5155,2.42838,64.7941,5.71841,2.4933,0.2202,28.456,11,0.0028,42.71,107,2026-08-17 18:08:17
61,0,rough,Calibration rough,energy,pol1,2611.52,6.41105,27.5074,2.34619,64.7749,5.52486,2.4804,0.2116,9.532,10,0.4824,47.78,107,2026-08-17 18:08:17
61,1,heater,Heater stabilized,native,pol0,5946.13,2.8644,18.8862,2.68027,44.4735,6.31156,0.7479,0.1061,40.388,43,0.5852,58.89,70,2026-08-17 18:08:17
61,1,heater,Heater stabilized,native,pol1,5947.62,2.88011,20.4586,2.29324,48.1763,5.40016,0.8100,0.0908,33.409,42,0.8254,61.10,70,2026-08-17 18:08:17
61,1,heater,Heater stabilized,energy,pol0,2613.85,1.25191,8.22166,1.18433,19.3605,2.78889,0.7407,0.1067,38.676,43,0.6592,58.76,70,2026-08-17 18:08:17
61,1,heater,Heater stabilized,energy,pol1,2614.54,1.2353,9.10833,1.25971,21.4485,2.96639,0.8204,0.1135,29.065,42,0.9351,62.36,69,2026-08-17 18:08:17
61,2,corrected,Corrected amplitude,native,pol0,5949.45,2.72658,19.512,2.32553,45.9474,5.4762,0.7723,0.0920,41.108,43,0.5537,61.95,69,2026-08-17 18:08:17
61,2,corrected,Corrected amplitude,native,pol1,5950.39,2.77861,20.2214,1.77319,47.6178,4.17554,0.8002,0.0702,38.218,42,0.6377,63.38,69,2026-08-17 18:08:17
61,2,corrected,Corrected amplitude,energy,pol0,2614.12,1.17936,8.15256,1.06959,19.1978,2.5187,0.7344,0.0964,39.385,43,0.6289,61.14,69,2026-08-17 18:08:17
61,2,corrected,Corrected amplitude,energy,pol1,2614.59,1.1767,8.54387,0.890977,20.1193,2.09809,0.7695,0.0802,36.145,42,0.7249,62.84,69,2026-08-17 18:08:17
61,3,stabilized,Thallium stabilized,native,pol0,2615.12,0.514605,3.01764,0.47605,7.10599,1.12101,0.2717,0.0429,39.280,38,0.4123,52.15,66,2026-08-17 18:08:17
61,3,stabilized,Thallium stabilized,native,pol1,2615.05,0.505677,2.96011,0.461021,6.97053,1.08562,0.2666,0.0415,38.744,37,0.3909,51.77,66,2026-08-17 18:08:17
61,3,stabilized,Thallium stabilized,energy,pol0,2614.51,0.496033,2.97798,0.448513,7.01262,1.05617,0.2682,0.0404,36.699,38,0.5296,52.09,66,2026-08-17 18:08:17
61,3,stabilized,Thallium stabilized,energy,pol1,2614.56,0.472769,2.94481,0.393157,6.9345,0.925813,0.2652,0.0354,35.869,37,0.5220,52.10,66,2026-08-17 18:08:17
62,0,rough,Calibration rough,native,pol0,2604.03,1.43182,8.8629,1.27937,20.8705,3.01268,0.8015,0.1157,17.124,22,0.7565,51.93,66,2026-08-17 16:53:29
62,0,rough,Calibration rough,native,pol1,2604.35,1.46123,9.04136,1.28966,21.2908,3.03691,0.8175,0.1166,14.744,21,0.8356,51.99,66,2026-08-17 16:53:29
62,0,rough,Calibration rough,energy,pol0,2614.37,1.41609,8.69595,1.25053,20.4774,2.94477,0.7833,0.1126,16.488,22,0.7909,51.52,66,2026-08-17 16:53:29
62,0,rough,Calibration rough,energy,pol1,2614.33,1.46683,9.07602,1.2946,21.3724,3.04855,0.8175,0.1166,14.744,21,0.8356,51.99,66,2026-08-17 16:53:29
62,1,heater,Heater stabilized,native,pol0,18547,12.3524,75.0973,12.9612,176.841,30.5213,0.9535,0.1646,37.082,35,0.3732,56.17,68,2026-08-17 16:53:29
62,1,heater,Heater stabilized,native,pol1,18552.8,11.0569,72.6697,13.7929,171.124,32.4798,0.9224,0.1751,25.094,34,0.8663,56.17,68,2026-08-17 16:53:29
62,1,heater,Heater stabilized,energy,pol0,2613.68,1.74072,10.5828,1.82651,24.9206,4.3011,0.9535,0.1646,37.082,35,0.3732,56.17,68,2026-08-17 16:53:29
62,1,heater,Heater stabilized,energy,pol1,2614.56,6.65706,10.4105,3.3238,24.515,7.82696,0.9376,0.2994,28.903,34,0.7157,56.53,68,2026-08-17 16:53:29
62,2,corrected,Corrected amplitude,native,pol0,18552,13.1389,80.6852,13.266,189.999,31.239,1.0241,0.1684,47.065,35,0.0836,57.22,68,2026-08-17 16:53:29
62,2,corrected,Corrected amplitude,native,pol1,18559.5,10.8245,80.3992,7.72909,189.326,18.2006,1.0201,0.0981,39.521,34,0.2369,58.00,68,2026-08-17 16:53:29
62,2,corrected,Corrected amplitude,energy,pol0,2613.6,1.851,11.3669,1.8689,26.7669,4.40093,1.0241,0.1684,47.065,35,0.0836,57.22,68,2026-08-17 16:53:29
62,2,corrected,Corrected amplitude,energy,pol1,2614.65,0.449234,11.3298,0.284104,26.6796,0.669015,1.0204,0.0256,39.521,34,0.2369,58.00,68,2026-08-17 16:53:29
62,3,stabilized,Thallium stabilized,native,pol0,2614.63,0.563098,3.59121,0.471663,8.45666,1.11068,0.3234,0.0425,26.148,31,0.7142,50.19,65,2026-08-17 16:53:29
62,3,stabilized,Thallium stabilized,native,pol1,2614.72,0.558708,3.55143,0.45343,8.36297,1.06774,0.3198,0.0408,21.900,30,0.8576,50.08,65,2026-08-17 16:53:29
62,3,stabilized,Thallium stabilized,energy,pol0,2614.41,0.562984,3.59049,0.471564,8.45495,1.11045,0.3234,0.0425,23.376,31,0.8352,50.19,65,2026-08-17 16:53:29
62,3,stabilized,Thallium stabilized,energy,pol1,2614.5,0.556704,3.54944,0.463795,8.35829,1.09215,0.3197,0.0418,22.165,30,0.8480,50.06,65,2026-08-17 16:53:29
63,0,rough,Calibration rough,native,pol0,2620.33,0.408019,3.18867,0.343412,7.50874,0.808674,0.2866,0.0309,55.866,54,0.4046,77.90,108,2026-08-17 16:53:48
63,0,rough,Calibration rough,native,pol1,2620.32,0.398985,3.20933,0.315131,7.55738,0.742076,0.2884,0.0283,56.059,53,0.3609,77.92,108,2026-08-17 16:53:48
63,0,rough,Calibration rough,energy,pol0,2614.5,0.400955,3.12982,0.339753,7.37016,0.800058,0.2819,0.0306,52.398,54,0.5364,77.69,108,2026-08-17 16:53:48
63,0,rough,Calibration rough,energy,pol1,2614.49,0.408172,3.15032,0.326318,7.41844,0.76842,0.2837,0.0294,53.643,53,0.4495,78.09,108,2026-08-17 16:53:48
63,1,heater,Heater stabilized,native,pol0,9790.26,2.82653,20.239,2.80864,47.6591,6.61383,0.4868,0.0676,59.065,54,0.2958,72.04,103,2026-08-17 16:53:48
63,1,heater,Heater stabilized,native,pol1,9790.65,2.88379,21.467,2.65879,50.5509,6.26097,0.5163,0.0639,52.058,53,0.5108,75.10,101,2026-08-17 16:53:48
63,1,heater,Heater stabilized,energy,pol0,2614.39,0.752001,5.37695,0.745521,12.6618,1.75557,0.4843,0.0672,59.069,54,0.2956,71.92,103,2026-08-17 16:53:48
63,1,heater,Heater stabilized,energy,pol1,2614.61,0.763025,5.58862,0.712615,13.1602,1.67808,0.5033,0.0642,47.146,53,0.7004,73.62,102,2026-08-17 16:53:48
63,2,corrected,Corrected amplitude,native,pol0,9791.56,2.95113,21.7693,2.61849,51.2628,6.16606,0.5235,0.0630,62.955,54,0.1890,74.05,103,2026-08-17 16:53:48
63,2,corrected,Corrected amplitude,native,pol1,9791.54,2.86891,21.7692,2.47795,51.2626,5.83512,0.5235,0.0596,63.298,53,0.1573,74.06,103,2026-08-17 16:53:48
63,2,corrected,Corrected amplitude,energy,pol0,2614.53,0.783693,5.72218,0.727816,13.4747,1.71388,0.5154,0.0656,64.622,54,0.1527,73.60,103,2026-08-17 16:53:48
63,2,corrected,Corrected amplitude,energy,pol1,2614.81,0.789914,5.80704,0.712525,13.6745,1.67787,0.5230,0.0642,53.782,53,0.4442,74.15,103,2026-08-17 16:53:48
63,3,stabilized,Thallium stabilized,native,pol0,2614.6,0.527981,4.12224,0.421482,9.70714,0.992514,0.3713,0.0380,61.983,54,0.2128,74.58,101,2026-08-17 16:53:48
63,3,stabilized,Thallium stabilized,native,pol1,2614.66,0.534946,4.16375,0.427967,9.80488,1.00778,0.3750,0.0385,52.084,53,0.5098,74.69,101,2026-08-17 16:53:48
63,3,stabilized,Thallium stabilized,energy,pol0,2614.46,0.527953,4.12202,0.42146,9.70662,0.992461,0.3713,0.0380,61.983,54,0.2128,74.58,101,2026-08-17 16:53:48
63,3,stabilized,Thallium stabilized,energy,pol1,2614.52,0.534901,4.16305,0.427883,9.80324,1.00759,0.3750,0.0385,54.822,53,0.4053,74.68,101,2026-08-17 16:53:48
64,0,rough,Calibration rough,native,pol0,2318.56,36.6572,74.5405,20.7636,175.529,48.8945,7.5706,2.1122,18.802,11,0.0647,574.57,470,2026-08-17 18:07:39
64,0,rough,Calibration rough,native,pol1,2616.25,2.41249,25.9645,0.154444,61.1418,0.363688,2.3370,0.0141,174.789,10,0.0000,155.37,308,2026-08-17 18:07:39
64,0,rough,Calibration rough,energy,pol0,2305.01,63.256,85.4902,26.0928,201.314,61.4438,8.7338,2.6764,21.285,11,0.0305,684.47,477,2026-08-17 18:07:39
64,0,rough,Calibration rough,energy,pol1,2614.3,2.40754,25.9478,0.152479,61.1025,0.359061,2.3372,0.0139,183.207,10,0.0000,155.53,308,2026-08-17 18:07:39
64,1,heater,Heater stabilized,native,pol0,6956.46,8.1862,69.0188,0.610724,162.527,1.43815,2.3363,0.0209,202.658,17,0.0000,94.47,340,2026-08-17 18:07:39
64,1,heater,Heater stabilized,native,pol1,6958.51,8.14542,69.0399,0.606755,162.577,1.4288,2.3364,0.0207,126.915,16,0.0000,94.89,338,2026-08-17 18:07:39
64,1,heater,Heater stabilized,energy,pol0,2613.41,3.07411,25.937,0.230199,61.077,0.542076,2.3371,0.0209,198.715,17,0.0000,94.96,338,2026-08-17 18:07:39
64,1,heater,Heater stabilized,energy,pol1,2614.2,3.06187,25.9449,0.228602,61.0956,0.538316,2.3371,0.0208,125.255,16,0.0000,95.29,336,2026-08-17 18:07:39
64,2,corrected,Corrected amplitude,native,pol0,6325.74,11.5675,106.22,30.2381,250.129,71.2054,3.9541,1.1257,90.356,17,0.0000,105.43,1567,2026-08-17 18:07:39
64,2,corrected,Corrected amplitude,native,pol1,6345.82,563.19,297.193,140.779,699.836,331.509,11.0283,5.3149,93.133,16,0.0000,0.00,1567,2026-08-17 18:07:39
64,2,corrected,Corrected amplitude,energy,pol0,2501.04,20.883,129.707,68.4739,305.436,161.244,12.2123,6.4479,11.328,17,0.8390,534.01,1582,2026-08-17 18:07:39
64,2,corrected,Corrected amplitude,energy,pol1,2517.58,26.2003,129.707,73.7783,305.436,173.735,12.1321,6.9020,11.021,16,0.8082,393.70,1582,2026-08-17 18:07:39
64,3,stabilized,Thallium stabilized,native,pol0,2453.28,306.612,39.7409,53.4047,93.5827,125.758,3.8146,5.1483,120.598,11,0.0000,0.00,928,2026-08-17 18:07:39
64,3,stabilized,Thallium stabilized,native,pol1,2612.83,3.68264,25.9481,0.613246,61.103,1.44408,2.3386,0.0554,57.740,10,0.0000,160.85,929,2026-08-17 18:07:39
64,3,stabilized,Thallium stabilized,energy,pol0,2370.3,8.93949,37.1484,10.8221,87.4778,25.484,3.6906,1.0752,8.996,11,0.6223,143.42,922,2026-08-17 18:07:39
64,3,stabilized,Thallium stabilized,energy,pol1,2613.86,3.70631,25.9551,0.643053,61.1196,1.51427,2.3383,0.0580,49.374,10,0.0000,160.63,925,2026-08-17 18:07:39
65,0,rough,Calibration rough,native,pol0,2595.76,1.54032,17.011,1.30859,40.0579,3.08149,1.5432,0.1187,91.498,53,0.0008,167.38,237,2026-08-17 18:14:42
65,0,rough,Calibration rough,native,pol1,2596.69,1.25522,17.0763,0.878564,40.2117,2.06886,1.5486,0.0797,50.681,52,0.5259,168.05,237,2026-08-17 18:14:42
65,0,rough,Calibration rough,energy,pol0,2613.6,1.55005,17.1201,1.31708,40.3147,3.10148,1.5425,0.1187,93.991,53,0.0004,167.39,237,2026-08-17 18:14:42
65,0,rough,Calibration rough,energy,pol1,2614.51,1.54335,17.2246,1.2268,40.5609,2.88888,1.5514,0.1105,50.862,52,0.5187,168.07,237,2026-08-17 18:14:42
65,1,heater,Heater stabilized,native,pol0,1292.68,0.740536,7.68004,0.602001,18.0851,1.4176,1.3990,0.1097,196.615,82,0.0000,153.50,282,2026-08-17 18:14:42
65,1,heater,Heater stabilized,native,pol1,1292.96,0.737989,7.70126,0.576879,18.1351,1.35845,1.4026,0.1051,107.153,81,0.0275,154.13,281,2026-08-17 18:14:42
65,1,heater,Heater stabilized,energy,pol0,2613.88,1.49456,15.5136,1.21301,36.5316,2.85643,1.3976,0.1093,206.132,82,0.0000,153.54,282,2026-08-17 18:14:42
65,1,heater,Heater stabilized,energy,pol1,2613.8,1.40668,15.4276,1.11762,36.3293,2.63178,1.3899,0.1007,205.725,81,0.0000,153.77,280,2026-08-17 18:14:42
65,2,corrected,Corrected amplitude,native,pol0,1292.8,0.744078,7.78284,0.595996,18.3272,1.40346,1.4176,0.1086,184.147,82,0.0000,154.31,280,2026-08-17 18:14:42
65,2,corrected,Corrected amplitude,native,pol1,1293.14,0.746239,7.84563,0.574735,18.4751,1.3534,1.4287,0.1047,87.747,81,0.2850,154.81,280,2026-08-17 18:14:42
65,2,corrected,Corrected amplitude,energy,pol0,2613.61,1.4908,15.5145,1.19666,36.5338,2.81792,1.3978,0.1078,208.879,82,0.0000,153.47,281,2026-08-17 18:14:42
65,2,corrected,Corrected amplitude,energy,pol1,2614.29,1.49872,15.6946,1.16201,36.9579,2.73633,1.4137,0.1047,113.987,81,0.0092,154.29,281,2026-08-17 18:14:42
65,3,stabilized,Thallium stabilized,native,pol0,2614.62,1.44836,15.7921,1.20978,37.1875,2.84882,1.4223,0.1090,71.515,53,0.0458,161.79,225,2026-08-17 18:14:42
65,3,stabilized,Thallium stabilized,native,pol1,2615.45,1.42044,15.9319,1.121,37.5168,2.63974,1.4344,0.1009,45.829,52,0.7139,164.17,223,2026-08-17 18:14:42
65,3,stabilized,Thallium stabilized,energy,pol0,2613.7,1.44614,15.7068,1.21683,36.9867,2.86542,1.4151,0.1096,77.786,53,0.0149,161.36,225,2026-08-17 18:14:42
65,3,stabilized,Thallium stabilized,energy,pol1,2614.46,1.4172,15.8871,1.11818,37.4113,2.63311,1.4309,0.1007,39.485,52,0.8989,164.11,223,2026-08-17 18:14:42
85,0,rough,Calibration rough,native,pol0,2605.76,2.43475,17.9312,0.910176,42.2248,2.1433,1.6204,0.0823,79.300,41,0.0003,97.61,182,2026-08-17 18:17:22
85,0,rough,Calibration rough,native,pol1,2607.68,2.35443,17.9455,0.768903,42.2585,1.81063,1.6205,0.0694,32.106,40,0.8085,98.41,180,2026-08-17 18:17:22
85,0,rough,Calibration rough,energy,pol0,2612.56,2.44096,17.9787,0.909054,42.3365,2.14066,1.6205,0.0820,78.494,41,0.0004,97.62,182,2026-08-17 18:17:22
85,0,rough,Calibration rough,energy,pol1,2614.52,2.41231,17.9943,0.876315,42.3734,2.06356,1.6207,0.0789,29.413,40,0.8909,98.19,180,2026-08-17 18:17:22
85,1,heater,Heater stabilized,native,pol0,3220.23,2.70456,21.3286,2.49284,50.225,5.87019,1.5597,0.1823,36.361,30,0.1965,105.74,136,2026-08-17 18:17:22
85,1,heater,Heater stabilized,native,pol1,3219.47,2.49751,22.1781,0.229977,52.2254,0.541554,1.6222,0.0169,41.144,29,0.0669,110.31,135,2026-08-17 18:17:22
85,1,heater,Heater stabilized,energy,pol0,2615.21,2.19141,17.1387,2.0618,40.3586,4.85516,1.5432,0.1857,39.345,30,0.1182,105.44,136,2026-08-17 18:17:22
85,1,heater,Heater stabilized,energy,pol1,2616.97,2.00011,15.9952,1.81326,37.6657,4.26989,1.4393,0.1632,35.109,29,0.2010,101.05,135,2026-08-17 18:17:22
85,2,corrected,Corrected amplitude,native,pol0,3220.09,2.84916,21.8726,12.8782,51.5061,30.3257,1.5995,0.9418,31.145,30,0.4083,107.43,136,2026-08-17 18:17:22
85,2,corrected,Corrected amplitude,native,pol1,3219.87,2.35213,22.1906,0.210108,52.2549,0.494766,1.6229,0.0154,31.441,29,0.3449,108.51,136,2026-08-17 18:17:22
85,2,corrected,Corrected amplitude,energy,pol0,2615.39,2.22063,17.1616,2.0046,40.4125,4.72048,1.5452,0.1805,35.968,30,0.2091,103.65,137,2026-08-17 18:17:22
85,2,corrected,Corrected amplitude,energy,pol1,2615.01,1.95449,17.9935,0.142803,42.3715,0.336274,1.6203,0.0129,36.422,29,0.1616,106.21,137,2026-08-17 18:17:22
85,3,stabilized,Thallium stabilized,native,pol0,2607.74,1.88414,14.6804,1.76684,34.5698,4.16058,1.3257,0.1596,56.647,30,0.0023,103.61,139,2026-08-17 18:17:22
85,3,stabilized,Thallium stabilized,native,pol1,2608.68,1.80531,15.0915,1.68486,35.5377,3.96755,1.3623,0.1521,42.513,29,0.0505,107.31,136,2026-08-17 18:17:22
85,3,stabilized,Thallium stabilized,energy,pol0,2613.66,1.86795,14.9314,1.78565,35.1607,4.20488,1.3453,0.1609,50.285,30,0.0116,106.37,138,2026-08-17 18:17:22
85,3,stabilized,Thallium stabilized,energy,pol1,2614.53,1.80935,15.1253,1.68863,35.6174,3.97642,1.3623,0.1521,42.513,29,0.0505,107.31,136,2026-08-17 18:17:22
86,0,rough,Calibration rough,native,pol0,2602.04,0.751551,9.44516,0.253055,22.2417,0.595898,0.8548,0.0229,78.773,59,0.0437,193.36,227,2026-08-17 16:55:02
86,0,rough,Calibration rough,native,pol1,2602.08,0.751661,9.44531,0.243797,22.242,0.574097,0.8548,0.0221,80.430,58,0.0273,193.36,227,2026-08-17 16:55:02
86,0,rough,Calibration rough,energy,pol0,2614.47,0.755016,9.49018,0.250141,22.3477,0.589036,0.8548,0.0225,80.125,59,0.0350,193.36,227,2026-08-17 16:55:02
86,0,rough,Calibration rough,energy,pol1,2614.51,0.755445,9.4903,0.247941,22.3479,0.583856,0.8548,0.0223,78.704,58,0.0366,193.49,227,2026-08-17 16:55:02
86,1,heater,Heater stabilized,native,pol0,8916.12,1.77143,17.6785,1.71299,41.6296,4.03378,0.4669,0.0452,92.618,59,0.0034,139.08,167,2026-08-17 16:55:02
86,1,heater,Heater stabilized,native,pol1,8916.69,1.7948,17.989,1.72797,42.3609,4.06907,0.4751,0.0456,84.033,58,0.0143,140.48,167,2026-08-17 16:55:02
86,1,heater,Heater stabilized,energy,pol0,2614.35,0.520342,5.18336,0.504655,12.2059,1.18837,0.4669,0.0455,89.721,59,0.0061,139.03,167,2026-08-17 16:55:02
86,1,heater,Heater stabilized,energy,pol1,2614.52,0.527298,5.29212,0.506792,12.462,1.1934,0.4766,0.0456,85.298,58,0.0113,140.53,167,2026-08-17 16:55:02
86,2,corrected,Corrected amplitude,native,pol0,8912.32,1.77685,11.7777,1.78675,27.7344,4.20748,0.3112,0.0472,69.535,59,0.1640,114.33,485,2026-08-17 16:55:02
86,2,corrected,Corrected amplitude,native,pol1,8912.48,1.80122,11.9164,1.82044,28.061,4.2868,0.3149,0.0481,68.271,58,0.1676,115.15,485,2026-08-17 16:55:02
86,2,corrected,Corrected amplitude,energy,pol0,2614.47,0.484072,3.36394,0.459252,7.92148,1.08146,0.3030,0.0414,64.612,59,0.2870,113.77,490,2026-08-17 16:55:02
86,2,corrected,Corrected amplitude,energy,pol1,2614.5,0.488412,3.38287,0.464859,7.96606,1.09466,0.3047,0.0419,63.187,58,0.2982,114.07,490,2026-08-17 16:55:02
86,3,stabilized,Thallium stabilized,native,pol0,2614.64,0.491382,3.35922,0.515663,7.91035,1.21429,0.3025,0.0464,57.639,59,0.5258,113.81,492,2026-08-17 16:55:02
86,3,stabilized,Thallium stabilized,native,pol1,2614.66,0.497665,3.39217,0.520293,7.98796,1.2252,0.3055,0.0469,61.248,58,0.3603,114.08,492,2026-08-17 16:55:02
86,3,stabilized,Thallium stabilized,energy,pol0,2614.47,0.490304,3.33551,0.519335,7.85451,1.22294,0.3004,0.0468,57.547,59,0.5292,113.52,492,2026-08-17 16:55:02
86,3,stabilized,Thallium stabilized,energy,pol1,2614.52,0.505826,3.42682,0.52999,8.06955,1.24803,0.3086,0.0477,59.887,58,0.4071,114.57,492,2026-08-17 16:55:02
87,0,rough,Calibration rough,native,pol0,2615.2,0.531911,9.35755,0.402068,22.0353,0.946798,0.8426,0.0362,269.247,78,0.0000,358.12,502,2026-08-17 16:55:21
87,0,rough,Calibration rough,native,pol1,2615.2,0.50651,9.34384,0.396486,22.0031,0.933653,0.8414,0.0357,277.332,77,0.0000,358.13,502,2026-08-17 16:55:21
87,0,rough,Calibration rough,energy,pol0,2614.46,0.53228,9.37421,0.400152,22.0746,0.942286,0.8443,0.0360,276.149,78,0.0000,358.00,504,2026-08-17 16:55:21
87,0,rough,Calibration rough,energy,pol1,2614.45,0.527861,9.37713,0.377253,22.0815,0.888363,0.8446,0.0340,285.312,77,0.0000,358.04,504,2026-08-17 16:55:21
87,1,heater,Heater stabilized,native,pol0,8089.99,1.14527,15.5866,0.937236,36.7037,2.20702,0.4537,0.0273,504.588,119,0.0000,231.42,546,2026-08-17 16:55:21
87,1,heater,Heater stabilized,native,pol1,8090.08,1.14602,15.5954,0.925229,36.7243,2.17875,0.4539,0.0269,287.628,118,0.0000,231.36,546,2026-08-17 16:55:21
87,1,heater,Heater stabilized,energy,pol0,2614.48,0.370124,5.03721,0.302891,11.8617,0.713255,0.4537,0.0273,504.588,119,0.0000,231.42,546,2026-08-17 16:55:21
87,1,heater,Heater stabilized,energy,pol1,2614.51,0.370597,5.04004,0.300621,11.8684,0.707909,0.4539,0.0271,287.628,118,0.0000,231.36,546,2026-08-17 16:55:21
87,2,corrected,Corrected amplitude,native,pol0,8088.8,1.49081,16.8455,1.2446,39.6682,2.9308,0.4904,0.0362,196.886,119,0.0000,222.88,1591,2026-08-17 16:55:21
87,2,corrected,Corrected amplitude,native,pol1,8088.87,1.49216,16.8556,1.24445,39.6919,2.93046,0.4907,0.0362,166.413,118,0.0022,222.90,1591,2026-08-17 16:55:21
87,2,corrected,Corrected amplitude,energy,pol0,2614.47,0.482293,5.41815,0.405466,12.7588,0.954799,0.4880,0.0365,204.866,119,0.0000,220.75,1590,2026-08-17 16:55:21
87,2,corrected,Corrected amplitude,energy,pol1,2614.49,0.482788,5.42216,0.40555,12.7682,0.954997,0.4884,0.0365,174.682,118,0.0005,220.80,1590,2026-08-17 16:55:21
87,3,stabilized,Thallium stabilized,native,pol0,2614.51,0.510182,5.79839,0.456435,13.6542,1.07482,0.5222,0.0411,90.311,78,0.1609,233.91,1044,2026-08-17 16:55:21
87,3,stabilized,Thallium stabilized,native,pol1,2614.53,0.507744,5.76746,0.456244,13.5813,1.07437,0.5195,0.0411,84.116,77,0.2709,233.62,1044,2026-08-17 16:55:21
87,3,stabilized,Thallium stabilized,energy,pol0,2614.48,0.510178,5.79835,0.456432,13.6541,1.07482,0.5222,0.0411,92.768,78,0.1215,233.91,1044,2026-08-17 16:55:21
87,3,stabilized,Thallium stabilized,energy,pol1,2614.51,0.50773,5.76742,0.455981,13.5812,1.07375,0.5195,0.0411,84.116,77,0.2709,233.62,1044,2026-08-17 16:55:21
88,0,rough,Calibration rough,native,pol0,2614.11,0.421116,6.7462,0.0860833,15.8861,0.202711,0.6077,0.0078,71.377,75,0.5972,305.43,345,2026-08-17 16:55:40
88,0,rough,Calibration rough,native,pol1,2614.04,0.422358,6.74602,0.0884303,15.8857,0.208237,0.6077,0.0080,76.572,74,0.3960,304.57,346,2026-08-17 16:55:40
88,0,rough,Calibration rough,energy,pol0,2614.59,0.421194,6.74744,0.086099,15.889,0.202748,0.6077,0.0078,71.377,75,0.5972,305.43,345,2026-08-17 16:55:40
88,0,rough,Calibration rough,energy,pol1,2614.51,0.422451,6.74726,0.0882946,15.8886,0.207918,0.6077,0.0080,75.865,74,0.4181,304.56,346,2026-08-17 16:55:40
88,1,heater,Heater stabilized,native,pol0,6438.44,0.907751,12.2411,0.776668,28.8256,1.82891,0.4477,0.0284,119.685,114,0.3393,216.02,245,2026-08-17 16:55:40
88,1,heater,Heater stabilized,native,pol1,6438.55,0.90868,12.3162,0.769793,29.0026,1.81272,0.4505,0.0282,119.268,113,0.3250,216.53,245,2026-08-17 16:55:40
88,1,heater,Heater stabilized,energy,pol0,2614.48,0.36753,4.97314,0.31217,11.7108,0.735104,0.4479,0.0281,112.738,114,0.5158,215.89,245,2026-08-17 16:55:40
88,1,heater,Heater stabilized,energy,pol1,2614.46,0.3561,4.96909,0.30386,11.7013,0.715535,0.4476,0.0274,119.937,113,0.3098,216.00,245,2026-08-17 16:55:40
88,2,corrected,Corrected amplitude,native,pol0,6435.32,0.802533,8.81427,0.798052,20.756,1.87927,0.3225,0.0292,127.250,114,0.1869,194.63,493,2026-08-17 16:55:40
88,2,corrected,Corrected amplitude,native,pol1,6435.31,0.801782,8.80932,0.796791,20.7444,1.8763,0.3224,0.0292,127.132,113,0.1717,194.59,493,2026-08-17 16:55:40
88,2,corrected,Corrected amplitude,energy,pol0,2614.53,0.33194,3.62132,0.343373,8.52756,0.808581,0.3262,0.0309,125.328,114,0.2205,194.82,494,2026-08-17 16:55:40
88,2,corrected,Corrected amplitude,energy,pol1,2614.52,0.331626,3.61902,0.342763,8.52215,0.807146,0.3260,0.0309,125.231,113,0.2033,194.78,494,2026-08-17 16:55:40
88,3,stabilized,Thallium stabilized,native,pol0,2614.64,0.282656,3.27238,0.255544,7.70586,0.60176,0.2947,0.0230,92.184,75,0.0866,196.10,389,2026-08-17 16:55:40
88,3,stabilized,Thallium stabilized,native,pol1,2614.63,0.282673,3.27232,0.25547,7.70572,0.601586,0.2947,0.0230,92.180,74,0.0748,196.10,389,2026-08-17 16:55:40
88,3,stabilized,Thallium stabilized,energy,pol0,2614.52,0.282847,3.27187,0.256111,7.70467,0.603096,0.2947,0.0231,90.964,75,0.1012,196.03,389,2026-08-17 16:55:40
88,3,stabilized,Thallium stabilized,energy,pol1,2614.52,0.282867,3.27185,0.256042,7.70462,0.602932,0.2947,0.0231,90.960,74,0.0879,196.03,389,2026-08-17 16:55:40
89,0,rough,Calibration rough,native,pol0,2577.01,3.80651,26.2727,0.682416,61.8676,1.60697,2.4007,0.0625,51.683,11,0.0000,525.61,200,2026-08-17 16:55:57
89,0,rough,Calibration rough,native,pol1,2510.97,294.916,91.2082,56.2088,214.779,132.362,8.5536,5.3662,1019.652,10,0.0000,1550.54,266,2026-08-17 16:55:57
89,0,rough,Calibration rough,energy,pol0,2543.25,213.28,43.2755,56.5251,101.906,133.106,4.0069,5.2445,544.102,11,0.0000,0.00,266,2026-08-17 16:55:57
89,0,rough,Calibration rough,energy,pol1,2707.19,2.04201,26.099,0.109035,61.4584,0.256757,2.2702,0.0096,206.574,10,0.0000,196.68,265,2026-08-17 16:55:57
89,1,heater,Heater stabilized,native,pol0,7069.61,6.94588,68.1709,0.4613,160.53,1.08628,2.2707,0.0155,262.930,15,0.0000,121.43,258,2026-08-17 16:55:57
89,1,heater,Heater stabilized,native,pol1,7512.6,514.958,104.153,241.417,245.263,568.493,3.2647,7.5705,372.669,14,0.0000,0.00,258,2026-08-17 16:55:57
89,1,heater,Heater stabilized,energy,pol0,2459.09,2.42181,23.6914,0.163441,55.789,0.384874,2.2687,0.0158,229.999,15,0.0000,119.49,260,2026-08-17 16:55:57
89,1,heater,Heater stabilized,energy,pol1,2459.8,2.39733,23.6889,0.159113,55.7831,0.374682,2.2678,0.0154,143.839,14,0.0000,119.13,260,2026-08-17 16:55:57
89,2,corrected,Corrected amplitude,native,pol0,6427.64,5.62699,79.5707,37.2994,187.375,87.8334,2.9151,1.3665,114.037,15,0.0000,110.57,1381,2026-08-17 16:55:57
89,2,corrected,Corrected amplitude,native,pol1,6435.88,582.262,330.945,185.758,779.315,437.426,12.1089,6.8844,115.881,14,0.0000,0.00,1381,2026-08-17 16:55:57
89,2,corrected,Corrected amplitude,energy,pol0,2452.16,9.30911,25.2004,71.6715,59.3424,168.773,2.4200,6.8827,56.416,15,0.0000,78.13,1515,2026-08-17 16:55:57
89,2,corrected,Corrected amplitude,energy,pol1,2527.81,22.696,126.002,71.7911,296.711,169.055,11.7378,6.6886,15.039,14,0.3755,491.30,1515,2026-08-17 16:55:57
89,3,stabilized,Thallium stabilized,native,pol0,2623.24,4.93423,24.2591,0.746643,57.1259,1.75821,2.1777,0.0671,67.068,11,0.0000,114.23,887,2026-08-17 16:55:57
89,3,stabilized,Thallium stabilized,native,pol1,2616.5,3.50269,25.208,0.433342,59.3603,1.02044,2.2687,0.0391,95.682,10,0.0000,149.59,832,2026-08-17 16:55:57
89,3,stabilized,Thallium stabilized,energy,pol0,2611.53,3.41638,25.1695,0.437814,59.2697,1.03097,2.2695,0.0396,107.539,11,0.0000,155.28,823,2026-08-17 16:55:57
89,3,stabilized,Thallium stabilized,energy,pol1,2614.18,3.48667,25.1833,0.438126,59.3022,1.03171,2.2685,0.0396,92.802,10,0.0000,151.44,831,2026-08-17 16:55:57
90,0,rough,Calibration rough,native,pol0,2646.64,0.983294,4.95565,0.688473,11.6697,1.62123,0.4409,0.0613,63.581,38,0.0058,31.73,58,2026-08-17 16:56:16
90,0,rough,Calibration rough,native,pol1,2646.7,0.987715,4.97993,0.692477,11.7268,1.63066,0.4431,0.0616,53.191,37,0.0412,31.80,58,2026-08-17 16:56:16
90,0,rough,Calibration rough,energy,pol0,2614.48,0.97144,4.88808,0.681487,11.5106,1.60478,0.4403,0.0614,63.064,38,0.0065,31.71,58,2026-08-17 16:56:16
90,0,rough,Calibration rough,energy,pol1,2614.46,0.937881,4.72872,0.663178,11.1353,1.56166,0.4259,0.0597,51.169,37,0.0606,31.82,58,2026-08-17 16:56:16
90,1,heater,Heater stabilized,native,pol0,6823.97,2.66921,17.4246,2.53384,41.0319,5.96673,0.6013,0.0874,59.022,38,0.0160,71.00,103,2026-08-17 16:56:16
90,1,heater,Heater stabilized,native,pol1,6825.68,2.69496,19.0317,2.47514,44.8162,5.8285,0.6566,0.0854,42.125,37,0.2588,74.03,103,2026-08-17 16:56:16
90,1,heater,Heater stabilized,energy,pol0,2614.33,0.9918,6.96192,0.91565,16.3941,2.15619,0.6271,0.0825,54.677,38,0.0390,72.86,103,2026-08-17 16:56:16
90,1,heater,Heater stabilized,energy,pol1,2614.04,0.998524,6.79675,0.941281,16.0051,2.21655,0.6123,0.0848,50.415,37,0.0696,71.85,103,2026-08-17 16:56:16
90,2,corrected,Corrected amplitude,native,pol0,6823.63,2.95639,19.9352,2.97687,46.9437,7.01,0.6880,0.1027,50.234,38,0.0884,72.42,103,2026-08-17 16:56:16
90,2,corrected,Corrected amplitude,native,pol1,6823.61,2.91438,19.9128,2.8855,46.8911,6.79483,0.6872,0.0996,50.568,37,0.0677,72.40,103,2026-08-17 16:56:16
90,2,corrected,Corrected amplitude,energy,pol0,2613.87,1.17874,6.25324,1.25875,14.7253,2.96414,0.5634,0.1134,59.447,38,0.0146,68.00,103,2026-08-17 16:56:16
90,2,corrected,Corrected amplitude,energy,pol1,2614.46,1.14618,6.93317,1.19816,16.3264,2.82145,0.6245,0.1079,55.675,37,0.0250,70.98,103,2026-08-17 16:56:16
90,3,stabilized,Thallium stabilized,native,pol0,2614.14,0.565263,4.23725,0.492588,9.97797,1.15996,0.3817,0.0444,49.314,52,0.5802,71.17,101,2026-08-17 16:56:16
90,3,stabilized,Thallium stabilized,native,pol1,2614.14,0.565831,4.26107,0.48465,10.0341,1.14126,0.3838,0.0437,40.785,51,0.8463,71.22,101,2026-08-17 16:56:16
90,3,stabilized,Thallium stabilized,energy,pol0,2614.49,0.565339,4.23782,0.492654,9.97931,1.16011,0.3817,0.0444,49.314,52,0.5802,71.17,101,2026-08-17 16:56:16
90,3,stabilized,Thallium stabilized,energy,pol1,2614.57,0.56191,4.22582,0.482076,9.95104,1.1352,0.3806,0.0434,37.527,51,0.9202,71.11,101,2026-08-17 16:56:16
<<<<<<< HEAD,,,,,,,,,,,,,,,,,,,
=======,,,,,,,,,,,,,,,,,,,
>>>>>>> 643cc1c3bf9141bfc2f461470b5295289ead3094,,,,,,,,,,,,,,,,,,,
<<<<<<< HEAD,,,,,,,,,,,,,,,,,,,
=======,,,,,,,,,,,,,,,,,,,
channel,step,variable,label,row,background,mu,mu_err,sigma,sigma_err,fwhm,fwhm_err,resolution_pct,resolution_err_pct,chi2,ndf,prob,n_peak,n_hist,date
